2022-06-12T09:52:58.042+0300 [DEBUG] [org.gradle.launcher.daemon.bootstrap.DaemonMain] Assuming the daemon was started with following jvm opts: [--add-opens, java.base/java.util=ALL-UNNAMED, --add-opens, java.base/java.lang=ALL-UNNAMED, --add-opens, java.base/java.lang.invoke=ALL-UNNAMED, --add-opens, java.base/java.util=ALL-UNNAMED, --add-opens, java.prefs/java.util.prefs=ALL-UNNAMED, --add-opens, java.prefs/java.util.prefs=ALL-UNNAMED, --add-opens, java.base/java.nio.charset=ALL-UNNAMED, --add-opens, java.base/java.net=ALL-UNNAMED, --add-opens, java.base/java.util.concurrent.atomic=ALL-UNNAMED, -Xmx1536m, -Dfile.encoding=windows-1252, -Duser.country=US, -Duser.language=en, -Duser.variant]
2022-06-12T09:52:58.199+0300 [DEBUG] [org.gradle.internal.nativeintegration.services.NativeServices] Native-platform posix files integration is not available. Continuing with fallback.
2022-06-12T09:52:58.212+0300 [INFO] [org.gradle.launcher.daemon.server.Daemon] start() called on daemon - DefaultDaemonContext[uid=34b09205-e9d5-4578-8d9c-395cc2d1b055,javaHome=C:\Program Files\Android\Android Studio\jre,daemonRegistryDir=C:\Users\bancusoft\AndroidStudioProjects\Level_stat\daemon,pid=1472,idleTimeout=10800000,priority=NORMAL,daemonOpts=--add-opens,java.base/java.util=ALL-UNNAMED,--add-opens,java.base/java.lang=ALL-UNNAMED,--add-opens,java.base/java.lang.invoke=ALL-UNNAMED,--add-opens,java.base/java.util=ALL-UNNAMED,--add-opens,java.prefs/java.util.prefs=ALL-UNNAMED,--add-opens,java.prefs/java.util.prefs=ALL-UNNAMED,--add-opens,java.base/java.nio.charset=ALL-UNNAMED,--add-opens,java.base/java.net=ALL-UNNAMED,--add-opens,java.base/java.util.concurrent.atomic=ALL-UNNAMED,-Xmx1536m,-Dfile.encoding=windows-1252,-Duser.country=US,-Duser.language=en,-Duser.variant]
2022-06-12T09:52:58.450+0300 [DEBUG] [org.gradle.internal.remote.internal.inet.InetAddresses] Adding IP addresses for network interface Software Loopback Interface 1
2022-06-12T09:52:58.452+0300 [DEBUG] [org.gradle.internal.remote.internal.inet.InetAddresses] Is this a loopback interface? true
2022-06-12T09:52:58.452+0300 [DEBUG] [org.gradle.internal.remote.internal.inet.InetAddresses] Adding loopback address /127.0.0.1
2022-06-12T09:52:58.452+0300 [DEBUG] [org.gradle.internal.remote.internal.inet.InetAddresses] Adding loopback address /0:0:0:0:0:0:0:1
2022-06-12T09:52:58.453+0300 [DEBUG] [org.gradle.internal.remote.internal.inet.InetAddresses] Adding IP addresses for network interface WAN Miniport (IPv6)
2022-06-12T09:52:58.454+0300 [DEBUG] [org.gradle.internal.remote.internal.inet.InetAddresses] Is this a loopback interface? false
2022-06-12T09:52:58.455+0300 [DEBUG] [org.gradle.internal.remote.internal.inet.InetAddresses] Adding IP addresses for network interface Microsoft 6to4 Adapter
2022-06-12T09:52:58.456+0300 [DEBUG] [org.gradle.internal.remote.internal.inet.InetAddresses] Is this a loopback interface? false
2022-06-12T09:52:58.456+0300 [DEBUG] [org.gradle.internal.remote.internal.inet.InetAddresses] Adding IP addresses for network interface WAN Miniport (IKEv2)
2022-06-12T09:52:58.458+0300 [DEBUG] [org.gradle.internal.remote.internal.inet.InetAddresses] Is this a loopback interface? false
2022-06-12T09:52:58.458+0300 [DEBUG] [org.gradle.internal.remote.internal.inet.InetAddresses] Adding IP addresses for network interface Microsoft Wi-Fi Direct Virtual Adapter
2022-06-12T09:52:58.459+0300 [DEBUG] [org.gradle.internal.remote.internal.inet.InetAddresses] Is this a loopback interface? false
2022-06-12T09:52:58.459+0300 [DEBUG] [org.gradle.internal.remote.internal.inet.InetAddresses] Adding remote address /fe80:0:0:0:504c:f779:8c22:56fc%wlan0
2022-06-12T09:52:58.460+0300 [DEBUG] [org.gradle.internal.remote.internal.inet.InetAddresses] Adding IP addresses for network interface WAN Miniport (L2TP)
2022-06-12T09:52:58.461+0300 [DEBUG] [org.gradle.internal.remote.internal.inet.InetAddresses] Is this a loopback interface? false
2022-06-12T09:52:58.461+0300 [DEBUG] [org.gradle.internal.remote.internal.inet.InetAddresses] Adding IP addresses for network interface Microsoft IP-HTTPS Platform Adapter
2022-06-12T09:52:58.462+0300 [DEBUG] [org.gradle.internal.remote.internal.inet.InetAddresses] Is this a loopback interface? false
2022-06-12T09:52:58.463+0300 [DEBUG] [org.gradle.internal.remote.internal.inet.InetAddresses] Adding IP addresses for network interface WAN Miniport (PPPOE)
2022-06-12T09:52:58.464+0300 [DEBUG] [org.gradle.internal.remote.internal.inet.InetAddresses] Is this a loopback interface? false
2022-06-12T09:52:58.464+0300 [DEBUG] [org.gradle.internal.remote.internal.inet.InetAddresses] Adding IP addresses for network interface Bluetooth Device (Personal Area Network)
2022-06-12T09:52:58.465+0300 [DEBUG] [org.gradle.internal.remote.internal.inet.InetAddresses] Is this a loopback interface? false
2022-06-12T09:52:58.466+0300 [DEBUG] [org.gradle.internal.remote.internal.inet.InetAddresses] Adding IP addresses for network interface Intel(R) Wi-Fi 6 AX201 160MHz
2022-06-12T09:52:58.467+0300 [DEBUG] [org.gradle.internal.remote.internal.inet.InetAddresses] Is this a loopback interface? false
2022-06-12T09:52:58.467+0300 [DEBUG] [org.gradle.internal.remote.internal.inet.InetAddresses] Adding remote address /192.168.1.3
2022-06-12T09:52:58.467+0300 [DEBUG] [org.gradle.internal.remote.internal.inet.InetAddresses] Adding remote address /fe80:0:0:0:1d07:7be:cf7:4d6a%wlan1
2022-06-12T09:52:58.467+0300 [DEBUG] [org.gradle.internal.remote.internal.inet.InetAddresses] Adding IP addresses for network interface Microsoft Kernel Debug Network Adapter
2022-06-12T09:52:58.469+0300 [DEBUG] [org.gradle.internal.remote.internal.inet.InetAddresses] Is this a loopback interface? false
2022-06-12T09:52:58.469+0300 [DEBUG] [org.gradle.internal.remote.internal.inet.InetAddresses] Adding IP addresses for network interface Microsoft Teredo Tunneling Adapter
2022-06-12T09:52:58.470+0300 [DEBUG] [org.gradle.internal.remote.internal.inet.InetAddresses] Is this a loopback interface? false
2022-06-12T09:52:58.470+0300 [DEBUG] [org.gradle.internal.remote.internal.inet.InetAddresses] Adding IP addresses for network interface RAS Async Adapter
2022-06-12T09:52:58.472+0300 [DEBUG] [org.gradle.internal.remote.internal.inet.InetAddresses] Is this a loopback interface? false
2022-06-12T09:52:58.472+0300 [DEBUG] [org.gradle.internal.remote.internal.inet.InetAddresses] Adding IP addresses for network interface Microsoft Wi-Fi Direct Virtual Adapter #2
2022-06-12T09:52:58.474+0300 [DEBUG] [org.gradle.internal.remote.internal.inet.InetAddresses] Is this a loopback interface? false
2022-06-12T09:52:58.474+0300 [DEBUG] [org.gradle.internal.remote.internal.inet.InetAddresses] Adding remote address /fe80:0:0:0:fca8:63c4:258b:ebd1%wlan2
2022-06-12T09:52:58.474+0300 [DEBUG] [org.gradle.internal.remote.internal.inet.InetAddresses] Adding IP addresses for network interface WAN Miniport (Network Monitor)
2022-06-12T09:52:58.475+0300 [DEBUG] [org.gradle.internal.remote.internal.inet.InetAddresses] Is this a loopback interface? false
2022-06-12T09:52:58.476+0300 [DEBUG] [org.gradle.internal.remote.internal.inet.InetAddresses] Adding IP addresses for network interface WAN Miniport (IP)
2022-06-12T09:52:58.477+0300 [DEBUG] [org.gradle.internal.remote.internal.inet.InetAddresses] Is this a loopback interface? false
2022-06-12T09:52:58.477+0300 [DEBUG] [org.gradle.internal.remote.internal.inet.InetAddresses] Adding IP addresses for network interface WAN Miniport (SSTP)
2022-06-12T09:52:58.479+0300 [DEBUG] [org.gradle.internal.remote.internal.inet.InetAddresses] Is this a loopback interface? false
2022-06-12T09:52:58.479+0300 [DEBUG] [org.gradle.internal.remote.internal.inet.InetAddresses] Adding IP addresses for network interface WAN Miniport (PPTP)
2022-06-12T09:52:58.480+0300 [DEBUG] [org.gradle.internal.remote.internal.inet.InetAddresses] Is this a loopback interface? false
2022-06-12T09:52:58.480+0300 [DEBUG] [org.gradle.internal.remote.internal.inet.InetAddresses] Adding IP addresses for network interface Realtek PCIe GbE Family Controller
2022-06-12T09:52:58.482+0300 [DEBUG] [org.gradle.internal.remote.internal.inet.InetAddresses] Is this a loopback interface? false
2022-06-12T09:52:58.482+0300 [DEBUG] [org.gradle.internal.remote.internal.inet.InetAddresses] Adding remote address /fe80:0:0:0:f057:52e4:f8ed:22f6%eth5
2022-06-12T09:52:58.482+0300 [DEBUG] [org.gradle.internal.remote.internal.inet.InetAddresses] Adding IP addresses for network interface SAMSUNG Mobile USB Remote NDIS Network Device
2022-06-12T09:52:58.483+0300 [DEBUG] [org.gradle.internal.remote.internal.inet.InetAddresses] Is this a loopback interface? false
2022-06-12T09:52:58.483+0300 [DEBUG] [org.gradle.internal.remote.internal.inet.InetAddresses] Adding IP addresses for network interface Realtek PCIe GbE Family Controller-WFP Native MAC Layer LightWeight Filter-0000
2022-06-12T09:52:58.485+0300 [DEBUG] [org.gradle.internal.remote.internal.inet.InetAddresses] Is this a loopback interface? false
2022-06-12T09:52:58.485+0300 [DEBUG] [org.gradle.internal.remote.internal.inet.InetAddresses] Adding IP addresses for network interface Realtek PCIe GbE Family Controller-QoS Packet Scheduler-0000
2022-06-12T09:52:58.486+0300 [DEBUG] [org.gradle.internal.remote.internal.inet.InetAddresses] Is this a loopback interface? false
2022-06-12T09:52:58.487+0300 [DEBUG] [org.gradle.internal.remote.internal.inet.InetAddresses] Adding IP addresses for network interface Realtek PCIe GbE Family Controller-WFP 802.3 MAC Layer LightWeight Filter-0000
2022-06-12T09:52:58.488+0300 [DEBUG] [org.gradle.internal.remote.internal.inet.InetAddresses] Is this a loopback interface? false
2022-06-12T09:52:58.488+0300 [DEBUG] [org.gradle.internal.remote.internal.inet.InetAddresses] Adding IP addresses for network interface Intel(R) Wi-Fi 6 AX201 160MHz-WFP Native MAC Layer LightWeight Filter-0000
2022-06-12T09:52:58.490+0300 [DEBUG] [org.gradle.internal.remote.internal.inet.InetAddresses] Is this a loopback interface? false
2022-06-12T09:52:58.490+0300 [DEBUG] [org.gradle.internal.remote.internal.inet.InetAddresses] Adding IP addresses for network interface Intel(R) Wi-Fi 6 AX201 160MHz-Virtual WiFi Filter Driver-0000
2022-06-12T09:52:58.491+0300 [DEBUG] [org.gradle.internal.remote.internal.inet.InetAddresses] Is this a loopback interface? false
2022-06-12T09:52:58.491+0300 [DEBUG] [org.gradle.internal.remote.internal.inet.InetAddresses] Adding IP addresses for network interface Intel(R) Wi-Fi 6 AX201 160MHz-Native WiFi Filter Driver-0000
2022-06-12T09:52:58.492+0300 [DEBUG] [org.gradle.internal.remote.internal.inet.InetAddresses] Is this a loopback interface? false
2022-06-12T09:52:58.493+0300 [DEBUG] [org.gradle.internal.remote.internal.inet.InetAddresses] Adding IP addresses for network interface Intel(R) Wi-Fi 6 AX201 160MHz-QoS Packet Scheduler-0000
2022-06-12T09:52:58.494+0300 [DEBUG] [org.gradle.internal.remote.internal.inet.InetAddresses] Is this a loopback interface? false
2022-06-12T09:52:58.494+0300 [DEBUG] [org.gradle.internal.remote.internal.inet.InetAddresses] Adding IP addresses for network interface Intel(R) Wi-Fi 6 AX201 160MHz-WFP 802.3 MAC Layer LightWeight Filter-0000
2022-06-12T09:52:58.495+0300 [DEBUG] [org.gradle.internal.remote.internal.inet.InetAddresses] Is this a loopback interface? false
2022-06-12T09:52:58.495+0300 [DEBUG] [org.gradle.internal.remote.internal.inet.InetAddresses] Adding IP addresses for network interface WAN Miniport (IP)-WFP Native MAC Layer LightWeight Filter-0000
2022-06-12T09:52:58.497+0300 [DEBUG] [org.gradle.internal.remote.internal.inet.InetAddresses] Is this a loopback interface? false
2022-06-12T09:52:58.497+0300 [DEBUG] [org.gradle.internal.remote.internal.inet.InetAddresses] Adding IP addresses for network interface WAN Miniport (IP)-QoS Packet Scheduler-0000
2022-06-12T09:52:58.498+0300 [DEBUG] [org.gradle.internal.remote.internal.inet.InetAddresses] Is this a loopback interface? false
2022-06-12T09:52:58.498+0300 [DEBUG] [org.gradle.internal.remote.internal.inet.InetAddresses] Adding IP addresses for network interface WAN Miniport (IPv6)-WFP Native MAC Layer LightWeight Filter-0000
2022-06-12T09:52:58.499+0300 [DEBUG] [org.gradle.internal.remote.internal.inet.InetAddresses] Is this a loopback interface? false
2022-06-12T09:52:58.499+0300 [DEBUG] [org.gradle.internal.remote.internal.inet.InetAddresses] Adding IP addresses for network interface WAN Miniport (IPv6)-QoS Packet Scheduler-0000
2022-06-12T09:52:58.501+0300 [DEBUG] [org.gradle.internal.remote.internal.inet.InetAddresses] Is this a loopback interface? false
2022-06-12T09:52:58.501+0300 [DEBUG] [org.gradle.internal.remote.internal.inet.InetAddresses] Adding IP addresses for network interface WAN Miniport (Network Monitor)-WFP Native MAC Layer LightWeight Filter-0000
2022-06-12T09:52:58.502+0300 [DEBUG] [org.gradle.internal.remote.internal.inet.InetAddresses] Is this a loopback interface? false
2022-06-12T09:52:58.502+0300 [DEBUG] [org.gradle.internal.remote.internal.inet.InetAddresses] Adding IP addresses for network interface WAN Miniport (Network Monitor)-QoS Packet Scheduler-0000
2022-06-12T09:52:58.504+0300 [DEBUG] [org.gradle.internal.remote.internal.inet.InetAddresses] Is this a loopback interface? false
2022-06-12T09:52:58.504+0300 [DEBUG] [org.gradle.internal.remote.internal.inet.InetAddresses] Adding IP addresses for network interface Microsoft Wi-Fi Direct Virtual Adapter-WFP Native MAC Layer LightWeight Filter-0000
2022-06-12T09:52:58.505+0300 [DEBUG] [org.gradle.internal.remote.internal.inet.InetAddresses] Is this a loopback interface? false
2022-06-12T09:52:58.505+0300 [DEBUG] [org.gradle.internal.remote.internal.inet.InetAddresses] Adding IP addresses for network interface Microsoft Wi-Fi Direct Virtual Adapter-Native WiFi Filter Driver-0000
2022-06-12T09:52:58.506+0300 [DEBUG] [org.gradle.internal.remote.internal.inet.InetAddresses] Is this a loopback interface? false
2022-06-12T09:52:58.507+0300 [DEBUG] [org.gradle.internal.remote.internal.inet.InetAddresses] Adding IP addresses for network interface Microsoft Wi-Fi Direct Virtual Adapter-QoS Packet Scheduler-0000
2022-06-12T09:52:58.508+0300 [DEBUG] [org.gradle.internal.remote.internal.inet.InetAddresses] Is this a loopback interface? false
2022-06-12T09:52:58.508+0300 [DEBUG] [org.gradle.internal.remote.internal.inet.InetAddresses] Adding IP addresses for network interface Microsoft Wi-Fi Direct Virtual Adapter-WFP 802.3 MAC Layer LightWeight Filter-0000
2022-06-12T09:52:58.509+0300 [DEBUG] [org.gradle.internal.remote.internal.inet.InetAddresses] Is this a loopback interface? false
2022-06-12T09:52:58.509+0300 [DEBUG] [org.gradle.internal.remote.internal.inet.InetAddresses] Adding IP addresses for network interface Microsoft Wi-Fi Direct Virtual Adapter #2-WFP Native MAC Layer LightWeight Filter-0000
2022-06-12T09:52:58.510+0300 [DEBUG] [org.gradle.internal.remote.internal.inet.InetAddresses] Is this a loopback interface? false
2022-06-12T09:52:58.510+0300 [DEBUG] [org.gradle.internal.remote.internal.inet.InetAddresses] Adding IP addresses for network interface Microsoft Wi-Fi Direct Virtual Adapter #2-Native WiFi Filter Driver-0000
2022-06-12T09:52:58.512+0300 [DEBUG] [org.gradle.internal.remote.internal.inet.InetAddresses] Is this a loopback interface? false
2022-06-12T09:52:58.512+0300 [DEBUG] [org.gradle.internal.remote.internal.inet.InetAddresses] Adding IP addresses for network interface Microsoft Wi-Fi Direct Virtual Adapter #2-QoS Packet Scheduler-0000
2022-06-12T09:52:58.513+0300 [DEBUG] [org.gradle.internal.remote.internal.inet.InetAddresses] Is this a loopback interface? false
2022-06-12T09:52:58.513+0300 [DEBUG] [org.gradle.internal.remote.internal.inet.InetAddresses] Adding IP addresses for network interface Microsoft Wi-Fi Direct Virtual Adapter #2-WFP 802.3 MAC Layer LightWeight Filter-0000
2022-06-12T09:52:58.514+0300 [DEBUG] [org.gradle.internal.remote.internal.inet.InetAddresses] Is this a loopback interface? false
2022-06-12T09:52:58.516+0300 [DEBUG] [org.gradle.internal.remote.internal.inet.TcpIncomingConnector] Listening on [18442d5a-a7c3-44e6-8930-c7c54797b98c port:61854, addresses:[localhost/127.0.0.1]].
2022-06-12T09:52:58.531+0300 [DEBUG] [org.gradle.launcher.daemon.server.Daemon] Daemon starting at: Sun Jun 12 09:52:58 EEST 2022, with address: [18442d5a-a7c3-44e6-8930-c7c54797b98c port:61854, addresses:[localhost/127.0.0.1]]
2022-06-12T09:52:58.531+0300 [INFO] [org.gradle.launcher.daemon.server.DaemonRegistryUpdater] Advertising the daemon address to the clients: [18442d5a-a7c3-44e6-8930-c7c54797b98c port:61854, addresses:[localhost/127.0.0.1]]
2022-06-12T09:52:58.531+0300 [DEBUG] [org.gradle.launcher.daemon.server.DaemonRegistryUpdater] Advertised daemon context: DefaultDaemonContext[uid=34b09205-e9d5-4578-8d9c-395cc2d1b055,javaHome=C:\Program Files\Android\Android Studio\jre,daemonRegistryDir=C:\Users\bancusoft\AndroidStudioProjects\Level_stat\daemon,pid=1472,idleTimeout=10800000,priority=NORMAL,daemonOpts=--add-opens,java.base/java.util=ALL-UNNAMED,--add-opens,java.base/java.lang=ALL-UNNAMED,--add-opens,java.base/java.lang.invoke=ALL-UNNAMED,--add-opens,java.base/java.util=ALL-UNNAMED,--add-opens,java.prefs/java.util.prefs=ALL-UNNAMED,--add-opens,java.prefs/java.util.prefs=ALL-UNNAMED,--add-opens,java.base/java.nio.charset=ALL-UNNAMED,--add-opens,java.base/java.net=ALL-UNNAMED,--add-opens,java.base/java.util.concurrent.atomic=ALL-UNNAMED,-Xmx1536m,-Dfile.encoding=windows-1252,-Duser.country=US,-Duser.language=en,-Duser.variant]
2022-06-12T09:52:58.532+0300 [DEBUG] [org.gradle.launcher.daemon.registry.PersistentDaemonRegistry] Storing daemon address: [18442d5a-a7c3-44e6-8930-c7c54797b98c port:61854, addresses:[localhost/127.0.0.1]], context: DefaultDaemonContext[uid=34b09205-e9d5-4578-8d9c-395cc2d1b055,javaHome=C:\Program Files\Android\Android Studio\jre,daemonRegistryDir=C:\Users\bancusoft\AndroidStudioProjects\Level_stat\daemon,pid=1472,idleTimeout=10800000,priority=NORMAL,daemonOpts=--add-opens,java.base/java.util=ALL-UNNAMED,--add-opens,java.base/java.lang=ALL-UNNAMED,--add-opens,java.base/java.lang.invoke=ALL-UNNAMED,--add-opens,java.base/java.util=ALL-UNNAMED,--add-opens,java.prefs/java.util.prefs=ALL-UNNAMED,--add-opens,java.prefs/java.util.prefs=ALL-UNNAMED,--add-opens,java.base/java.nio.charset=ALL-UNNAMED,--add-opens,java.base/java.net=ALL-UNNAMED,--add-opens,java.base/java.util.concurrent.atomic=ALL-UNNAMED,-Xmx1536m,-Dfile.encoding=windows-1252,-Duser.country=US,-Duser.language=en,-Duser.variant]
2022-06-12T09:52:58.538+0300 [DEBUG] [org.gradle.cache.internal.DefaultFileLockManager] Waiting to acquire exclusive lock on daemon addresses registry.
2022-06-12T09:52:58.541+0300 [DEBUG] [org.gradle.cache.internal.DefaultFileLockManager] Lock acquired on daemon addresses registry.
2022-06-12T09:52:58.545+0300 [DEBUG] [org.gradle.cache.internal.DefaultFileLockManager] Releasing lock on daemon addresses registry.
2022-06-12T09:52:58.545+0300 [LIFECYCLE] [org.gradle.launcher.daemon.server.Daemon] Daemon server started.
2022-06-12T09:52:58.546+0300 [DEBUG] [org.gradle.launcher.daemon.bootstrap.DaemonStartupCommunication] Completed writing the daemon greeting. Closing streams...
2022-06-12T09:52:58.551+0300 [DEBUG] [org.gradle.launcher.daemon.server.Daemon] stopOnExpiration() called on daemon
2022-06-12T09:52:58.552+0300 [DEBUG] [org.gradle.launcher.daemon.server.Daemon] awaitExpiration() called on daemon
2022-06-12T09:52:58.552+0300 [DEBUG] [org.gradle.launcher.daemon.server.DaemonStateCoordinator] daemon is running. Sleeping until state changes.
2022-06-12T09:52:58.556+0300 [DEBUG] [org.gradle.internal.remote.internal.inet.TcpIncomingConnector] Accepted connection from /127.0.0.1:61855 to /127.0.0.1:61854.
2022-06-12T09:52:58.588+0300 [DEBUG] [org.gradle.launcher.daemon.server.SynchronizedDispatchConnection] thread 20: received class org.gradle.launcher.daemon.protocol.Build
2022-06-12T09:52:58.588+0300 [DEBUG] [org.gradle.launcher.daemon.server.DefaultDaemonConnection] thread 20: Received non-IO message from client: Build{id=a672c231-4407-44b0-a1d2-96ba4da72bc2, currentDir=C:\Users\bancusoft\AndroidStudioProjects\Level_stat}
2022-06-12T09:52:58.589+0300 [INFO] [org.gradle.launcher.daemon.server.DefaultIncomingConnectionHandler] Received command: Build{id=a672c231-4407-44b0-a1d2-96ba4da72bc2, currentDir=C:\Users\bancusoft\AndroidStudioProjects\Level_stat}.
2022-06-12T09:52:58.589+0300 [DEBUG] [org.gradle.launcher.daemon.server.DefaultIncomingConnectionHandler] Starting executing command: Build{id=a672c231-4407-44b0-a1d2-96ba4da72bc2, currentDir=C:\Users\bancusoft\AndroidStudioProjects\Level_stat} with connection: socket connection from /127.0.0.1:61854 to /127.0.0.1:61855.
2022-06-12T09:52:58.592+0300 [DEBUG] [org.gradle.launcher.daemon.server.DaemonStateCoordinator] Command execution: started DaemonCommandExecution[command = Build{id=a672c231-4407-44b0-a1d2-96ba4da72bc2, currentDir=C:\Users\bancusoft\AndroidStudioProjects\Level_stat}, connection = DefaultDaemonConnection: socket connection from /127.0.0.1:61854 to /127.0.0.1:61855] after 0.0 minutes of idle
2022-06-12T09:52:58.592+0300 [INFO] [org.gradle.launcher.daemon.server.DaemonRegistryUpdater] Marking the daemon as busy, address: [18442d5a-a7c3-44e6-8930-c7c54797b98c port:61854, addresses:[localhost/127.0.0.1]]
2022-06-12T09:52:58.592+0300 [DEBUG] [org.gradle.launcher.daemon.registry.PersistentDaemonRegistry] Marking busy by address: [18442d5a-a7c3-44e6-8930-c7c54797b98c port:61854, addresses:[localhost/127.0.0.1]]
2022-06-12T09:52:58.593+0300 [DEBUG] [org.gradle.cache.internal.DefaultFileLockManager] Waiting to acquire exclusive lock on daemon addresses registry.
2022-06-12T09:52:58.593+0300 [DEBUG] [org.gradle.cache.internal.DefaultFileLockManager] Lock acquired on daemon addresses registry.
2022-06-12T09:52:58.594+0300 [DEBUG] [org.gradle.cache.internal.DefaultFileLockManager] Releasing lock on daemon addresses registry.
2022-06-12T09:52:58.594+0300 [DEBUG] [org.gradle.launcher.daemon.server.DaemonStateCoordinator] resetting idle timer
2022-06-12T09:52:58.594+0300 [DEBUG] [org.gradle.launcher.daemon.server.DaemonStateCoordinator] daemon is running. Sleeping until state changes.
2022-06-12T09:52:58.595+0300 [INFO] [org.gradle.launcher.daemon.server.exec.StartBuildOrRespondWithBusy] Daemon is about to start building Build{id=a672c231-4407-44b0-a1d2-96ba4da72bc2, currentDir=C:\Users\bancusoft\AndroidStudioProjects\Level_stat}. Dispatching build started information...
2022-06-12T09:52:58.595+0300 [DEBUG] [org.gradle.launcher.daemon.server.SynchronizedDispatchConnection] thread 22: dispatching org.gradle.launcher.daemon.protocol.BuildStarted@1a166bef
2022-06-12T09:52:58.597+0300 [DEBUG] [org.gradle.launcher.daemon.server.exec.EstablishBuildEnvironment] Configuring env variables: [USERDOMAIN_ROAMINGPROFILE, LOCALAPPDATA, PROCESSOR_LEVEL, USERDOMAIN, LOGONSERVER, FPS_BROWSER_APP_PROFILE_STRING, VS160PROCOMNTOOLS, JAVA_HOME, SESSIONNAME, ALLUSERSPROFILE, PROCESSOR_ARCHITECTURE, __COMPAT_LAYER, PSModulePath, SystemDrive, OneDrive, APPDATA, USERNAME, ProgramFiles(x86), CommonProgramFiles, Path, FPS_BROWSER_USER_PROFILE_STRING, PATHEXT, DriverData, OS, COMPUTERNAME, PROCESSOR_REVISION, CommonProgramW6432, ComSpec, ProgramData, ProgramW6432, TEMP, HOMEPATH, SystemRoot, PROCESSOR_IDENTIFIER, HOMEDRIVE, USERPROFILE, TMP, MYSQLCONNECTOR_ASSEMBLIESPATH, CommonProgramFiles(x86), ProgramFiles, PUBLIC, windir, NUMBER_OF_PROCESSORS, =::, IDEA_INITIAL_DIRECTORY, ZES_ENABLE_SYSMAN]
2022-06-12T09:52:58.601+0300 [DEBUG] [org.gradle.launcher.daemon.server.SynchronizedDispatchConnection] thread 20: received class org.gradle.launcher.daemon.protocol.CloseInput
2022-06-12T09:52:58.601+0300 [DEBUG] [org.gradle.launcher.daemon.server.DefaultDaemonConnection] thread 20: Received IO message from client: org.gradle.launcher.daemon.protocol.CloseInput@5aefcf58
2022-06-12T09:52:58.603+0300 [DEBUG] [org.gradle.launcher.daemon.server.exec.LogToClient] About to start relaying all logs to the client via the connection.
2022-06-12T09:52:58.603+0300 [INFO] [org.gradle.launcher.daemon.server.exec.LogToClient] The client will now receive all logging from the daemon (pid: 1472). The daemon log file: C:\Users\bancusoft\AndroidStudioProjects\Level_stat\daemon\7.3.3\daemon-1472.out.log
2022-06-12T09:52:58.605+0300 [INFO] [org.gradle.launcher.daemon.server.exec.LogAndCheckHealth] Starting build in new daemon [memory: 1.5 GiB]
2022-06-12T09:52:58.607+0300 [INFO] [org.gradle.launcher.daemon.server.exec.ForwardClientInput] Closing daemon's stdin at end of input.
2022-06-12T09:52:58.607+0300 [INFO] [org.gradle.launcher.daemon.server.exec.ForwardClientInput] The daemon will no longer process any standard input.
2022-06-12T09:52:58.611+0300 [DEBUG] [org.gradle.launcher.daemon.server.exec.ExecuteBuild] The daemon has started executing the build.
2022-06-12T09:52:58.611+0300 [DEBUG] [org.gradle.launcher.daemon.server.exec.ExecuteBuild] Executing build with daemon context: DefaultDaemonContext[uid=34b09205-e9d5-4578-8d9c-395cc2d1b055,javaHome=C:\Program Files\Android\Android Studio\jre,daemonRegistryDir=C:\Users\bancusoft\AndroidStudioProjects\Level_stat\daemon,pid=1472,idleTimeout=10800000,priority=NORMAL,daemonOpts=--add-opens,java.base/java.util=ALL-UNNAMED,--add-opens,java.base/java.lang=ALL-UNNAMED,--add-opens,java.base/java.lang.invoke=ALL-UNNAMED,--add-opens,java.base/java.util=ALL-UNNAMED,--add-opens,java.prefs/java.util.prefs=ALL-UNNAMED,--add-opens,java.prefs/java.util.prefs=ALL-UNNAMED,--add-opens,java.base/java.nio.charset=ALL-UNNAMED,--add-opens,java.base/java.net=ALL-UNNAMED,--add-opens,java.base/java.util.concurrent.atomic=ALL-UNNAMED,-Xmx1536m,-Dfile.encoding=windows-1252,-Duser.country=US,-Duser.language=en,-Duser.variant]

FAILURE: Build failed with an exception.

* What went wrong:
Could not determine the dependencies of task ':app:compileDebugJavaWithJavac'.
> SDK location not found. Define a valid SDK location with an ANDROID_HOME environment variable or by setting the sdk.dir path in your project's local properties file at 'C:\Users\bancusoft\AndroidStudioProjects\Level_stat\local.properties'.

* Try:
> Run with --info or --debug option to get more log output.
> Run with --scan to get full insights.

* Exception is:
org.gradle.api.internal.tasks.TaskDependencyResolveException: Could not determine the dependencies of task ':app:compileDebugJavaWithJavac'.
	at org.gradle.api.internal.tasks.CachingTaskDependencyResolveContext.getDependencies(CachingTaskDependencyResolveContext.java:71)
	at org.gradle.execution.plan.TaskDependencyResolver.resolveDependenciesFor(TaskDependencyResolver.java:46)
	at org.gradle.execution.plan.LocalTaskNode.getDependencies(LocalTaskNode.java:161)
	at org.gradle.execution.plan.LocalTaskNode.resolveDependencies(LocalTaskNode.java:129)
	at org.gradle.execution.plan.DefaultExecutionPlan.doAddNodes(DefaultExecutionPlan.java:186)
	at org.gradle.execution.plan.DefaultExecutionPlan.addEntryTasks(DefaultExecutionPlan.java:150)
	at org.gradle.execution.taskgraph.DefaultTaskExecutionGraph.addEntryTasks(DefaultTaskExecutionGraph.java:146)
	at org.gradle.execution.TaskNameResolvingBuildConfigurationAction.configure(TaskNameResolvingBuildConfigurationAction.java:49)
	at org.gradle.execution.DefaultBuildConfigurationActionExecuter.configure(DefaultBuildConfigurationActionExecuter.java:51)
	at org.gradle.execution.DefaultBuildConfigurationActionExecuter.access$000(DefaultBuildConfigurationActionExecuter.java:25)
	at org.gradle.execution.DefaultBuildConfigurationActionExecuter$1.proceed(DefaultBuildConfigurationActionExecuter.java:59)
	at org.gradle.execution.DefaultTasksBuildExecutionAction.configure(DefaultTasksBuildExecutionAction.java:48)
	at org.gradle.execution.DefaultBuildConfigurationActionExecuter.configure(DefaultBuildConfigurationActionExecuter.java:51)
	at org.gradle.execution.DefaultBuildConfigurationActionExecuter.lambda$select$0(DefaultBuildConfigurationActionExecuter.java:38)
	at org.gradle.internal.Factories$1.create(Factories.java:31)
	at org.gradle.api.internal.project.DefaultProjectStateRegistry.withMutableStateOfAllProjects(DefaultProjectStateRegistry.java:160)
	at org.gradle.api.internal.project.DefaultProjectStateRegistry.withMutableStateOfAllProjects(DefaultProjectStateRegistry.java:147)
	at org.gradle.execution.DefaultBuildConfigurationActionExecuter.select(DefaultBuildConfigurationActionExecuter.java:37)
	at org.gradle.initialization.DefaultTaskExecutionPreparer.prepareForTaskExecution(DefaultTaskExecutionPreparer.java:39)
	at org.gradle.initialization.VintageBuildModelController.lambda$prepareTaskExecution$3(VintageBuildModelController.java:101)
	at org.gradle.internal.build.StateTransitionController.lambda$doTransition$1(StateTransitionController.java:222)
	at org.gradle.internal.build.StateTransitionController.doTransition(StateTransitionController.java:243)
	at org.gradle.internal.build.StateTransitionController.doTransition(StateTransitionController.java:221)
	at org.gradle.internal.build.StateTransitionController.transitionIfNotPreviously(StateTransitionController.java:190)
	at org.gradle.initialization.VintageBuildModelController.prepareTaskExecution(VintageBuildModelController.java:101)
	at org.gradle.initialization.VintageBuildModelController.doBuildStages(VintageBuildModelController.java:85)
	at org.gradle.initialization.VintageBuildModelController.scheduleRequestedTasks(VintageBuildModelController.java:69)
	at org.gradle.internal.build.DefaultBuildLifecycleController.lambda$scheduleRequestedTasks$1(DefaultBuildLifecycleController.java:111)
	at org.gradle.internal.build.DefaultBuildWorkPreparer.populateWorkGraph(DefaultBuildWorkPreparer.java:28)
	at org.gradle.internal.build.BuildOperationFiringBuildWorkPreparer$PopulateWorkGraph.populateTaskGraph(BuildOperationFiringBuildWorkPreparer.java:120)
	at org.gradle.internal.build.BuildOperationFiringBuildWorkPreparer$PopulateWorkGraph.run(BuildOperationFiringBuildWorkPreparer.java:76)
	at org.gradle.internal.operations.DefaultBuildOperationRunner$1.execute(DefaultBuildOperationRunner.java:29)
	at org.gradle.internal.operations.DefaultBuildOperationRunner$1.execute(DefaultBuildOperationRunner.java:26)
	at org.gradle.internal.operations.DefaultBuildOperationRunner$2.execute(DefaultBuildOperationRunner.java:66)
	at org.gradle.internal.operations.DefaultBuildOperationRunner$2.execute(DefaultBuildOperationRunner.java:59)
	at org.gradle.internal.operations.DefaultBuildOperationRunner.execute(DefaultBuildOperationRunner.java:157)
	at org.gradle.internal.operations.DefaultBuildOperationRunner.execute(DefaultBuildOperationRunner.java:59)
	at org.gradle.internal.operations.DefaultBuildOperationRunner.run(DefaultBuildOperationRunner.java:47)
	at org.gradle.internal.operations.DefaultBuildOperationExecutor.run(DefaultBuildOperationExecutor.java:68)
	at org.gradle.internal.build.BuildOperationFiringBuildWorkPreparer.populateWorkGraph(BuildOperationFiringBuildWorkPreparer.java:60)
	at org.gradle.internal.build.DefaultBuildLifecycleController.lambda$populateWorkGraph$2(DefaultBuildLifecycleController.java:116)
	at org.gradle.internal.build.StateTransitionController.inState(StateTransitionController.java:115)
	at org.gradle.internal.build.DefaultBuildLifecycleController.populateWorkGraph(DefaultBuildLifecycleController.java:116)
	at org.gradle.internal.build.DefaultBuildLifecycleController.scheduleRequestedTasks(DefaultBuildLifecycleController.java:111)
	at org.gradle.internal.buildtree.DefaultBuildTreeWorkPreparer.lambda$scheduleRequestedTasks$0(DefaultBuildTreeWorkPreparer.java:35)
	at org.gradle.composite.internal.DefaultIncludedBuildTaskGraph$1.run(DefaultIncludedBuildTaskGraph.java:113)
	at org.gradle.internal.operations.DefaultBuildOperationRunner$1.execute(DefaultBuildOperationRunner.java:29)
	at org.gradle.internal.operations.DefaultBuildOperationRunner$1.execute(DefaultBuildOperationRunner.java:26)
	at org.gradle.internal.operations.DefaultBuildOperationRunner$2.execute(DefaultBuildOperationRunner.java:66)
	at org.gradle.internal.operations.DefaultBuildOperationRunner$2.execute(DefaultBuildOperationRunner.java:59)
	at org.gradle.internal.operations.DefaultBuildOperationRunner.execute(DefaultBuildOperationRunner.java:157)
	at org.gradle.internal.operations.DefaultBuildOperationRunner.execute(DefaultBuildOperationRunner.java:59)
	at org.gradle.internal.operations.DefaultBuildOperationRunner.run(DefaultBuildOperationRunner.java:47)
	at org.gradle.internal.operations.DefaultBuildOperationExecutor.run(DefaultBuildOperationExecutor.java:68)
	at org.gradle.composite.internal.DefaultIncludedBuildTaskGraph.lambda$prepareTaskGraph$0(DefaultIncludedBuildTaskGraph.java:110)
	at org.gradle.composite.internal.DefaultIncludedBuildTaskGraph.withState(DefaultIncludedBuildTaskGraph.java:236)
	at org.gradle.composite.internal.DefaultIncludedBuildTaskGraph.prepareTaskGraph(DefaultIncludedBuildTaskGraph.java:107)
	at org.gradle.internal.buildtree.DefaultBuildTreeWorkPreparer.scheduleRequestedTasks(DefaultBuildTreeWorkPreparer.java:34)
	at org.gradle.internal.buildtree.DefaultBuildTreeLifecycleController.lambda$doScheduleAndRunTasks$2(DefaultBuildTreeLifecycleController.java:86)
	at org.gradle.composite.internal.DefaultIncludedBuildTaskGraph.withNewTaskGraph(DefaultIncludedBuildTaskGraph.java:94)
	at org.gradle.internal.buildtree.DefaultBuildTreeLifecycleController.doScheduleAndRunTasks(DefaultBuildTreeLifecycleController.java:85)
	at org.gradle.internal.buildtree.DefaultBuildTreeLifecycleController.lambda$runBuild$4(DefaultBuildTreeLifecycleController.java:103)
	at org.gradle.internal.build.StateTransitionController.lambda$transition$0(StateTransitionController.java:145)
	at org.gradle.internal.build.StateTransitionController.doTransition(StateTransitionController.java:243)
	at org.gradle.internal.build.StateTransitionController.transition(StateTransitionController.java:145)
	at org.gradle.internal.buildtree.DefaultBuildTreeLifecycleController.runBuild(DefaultBuildTreeLifecycleController.java:100)
	at org.gradle.internal.buildtree.DefaultBuildTreeLifecycleController.scheduleAndRunTasks(DefaultBuildTreeLifecycleController.java:66)
	at org.gradle.tooling.internal.provider.runner.BuildModelActionRunner.run(BuildModelActionRunner.java:53)
	at org.gradle.launcher.exec.ChainingBuildActionRunner.run(ChainingBuildActionRunner.java:35)
	at org.gradle.internal.buildtree.ProblemReportingBuildActionRunner.run(ProblemReportingBuildActionRunner.java:49)
	at org.gradle.launcher.exec.BuildOutcomeReportingBuildActionRunner.run(BuildOutcomeReportingBuildActionRunner.java:69)
	at org.gradle.tooling.internal.provider.FileSystemWatchingBuildActionRunner.run(FileSystemWatchingBuildActionRunner.java:114)
	at org.gradle.launcher.exec.BuildCompletionNotifyingBuildActionRunner.run(BuildCompletionNotifyingBuildActionRunner.java:41)
	at org.gradle.launcher.exec.RootBuildLifecycleBuildActionExecutor.lambda$execute$0(RootBuildLifecycleBuildActionExecutor.java:40)
	at org.gradle.composite.internal.DefaultRootBuildState.run(DefaultRootBuildState.java:155)
	at org.gradle.launcher.exec.RootBuildLifecycleBuildActionExecutor.execute(RootBuildLifecycleBuildActionExecutor.java:40)
	at org.gradle.internal.buildtree.DefaultBuildTreeContext.execute(DefaultBuildTreeContext.java:40)
	at org.gradle.launcher.exec.BuildTreeLifecycleBuildActionExecutor.lambda$execute$0(BuildTreeLifecycleBuildActionExecutor.java:65)
	at org.gradle.internal.buildtree.BuildTreeState.run(BuildTreeState.java:53)
	at org.gradle.launcher.exec.BuildTreeLifecycleBuildActionExecutor.execute(BuildTreeLifecycleBuildActionExecutor.java:65)
	at org.gradle.launcher.exec.RunAsBuildOperationBuildActionExecutor$3.call(RunAsBuildOperationBuildActionExecutor.java:61)
	at org.gradle.launcher.exec.RunAsBuildOperationBuildActionExecutor$3.call(RunAsBuildOperationBuildActionExecutor.java:57)
	at org.gradle.internal.operations.DefaultBuildOperationRunner$CallableBuildOperationWorker.execute(DefaultBuildOperationRunner.java:204)
	at org.gradle.internal.operations.DefaultBuildOperationRunner$CallableBuildOperationWorker.execute(DefaultBuildOperationRunner.java:199)
	at org.gradle.internal.operations.DefaultBuildOperationRunner$2.execute(DefaultBuildOperationRunner.java:66)
	at org.gradle.internal.operations.DefaultBuildOperationRunner$2.execute(DefaultBuildOperationRunner.java:59)
	at org.gradle.internal.operations.DefaultBuildOperationRunner.execute(DefaultBuildOperationRunner.java:157)
	at org.gradle.internal.operations.DefaultBuildOperationRunner.execute(DefaultBuildOperationRunner.java:59)
	at org.gradle.internal.operations.DefaultBuildOperationRunner.call(DefaultBuildOperationRunner.java:53)
	at org.gradle.internal.operations.DefaultBuildOperationExecutor.call(DefaultBuildOperationExecutor.java:73)
	at org.gradle.launcher.exec.RunAsBuildOperationBuildActionExecutor.execute(RunAsBuildOperationBuildActionExecutor.java:57)
	at org.gradle.launcher.exec.RunAsWorkerThreadBuildActionExecutor.lambda$execute$0(RunAsWorkerThreadBuildActionExecutor.java:38)
	at org.gradle.internal.work.DefaultWorkerLeaseService.withLocks(DefaultWorkerLeaseService.java:211)
	at org.gradle.launcher.exec.RunAsWorkerThreadBuildActionExecutor.execute(RunAsWorkerThreadBuildActionExecutor.java:38)
	at org.gradle.tooling.internal.provider.ContinuousBuildActionExecutor.execute(ContinuousBuildActionExecutor.java:103)
	at org.gradle.tooling.internal.provider.SubscribableBuildActionExecutor.execute(SubscribableBuildActionExecutor.java:64)
	at org.gradle.internal.session.DefaultBuildSessionContext.execute(DefaultBuildSessionContext.java:46)
	at org.gradle.tooling.internal.provider.BuildSessionLifecycleBuildActionExecuter$ActionImpl.apply(BuildSessionLifecycleBuildActionExecuter.java:100)
	at org.gradle.tooling.internal.provider.BuildSessionLifecycleBuildActionExecuter$ActionImpl.apply(BuildSessionLifecycleBuildActionExecuter.java:88)
	at org.gradle.internal.session.BuildSessionState.run(BuildSessionState.java:69)
	at org.gradle.tooling.internal.provider.BuildSessionLifecycleBuildActionExecuter.execute(BuildSessionLifecycleBuildActionExecuter.java:62)
	at org.gradle.tooling.internal.provider.BuildSessionLifecycleBuildActionExecuter.execute(BuildSessionLifecycleBuildActionExecuter.java:41)
	at org.gradle.tooling.internal.provider.GradleThreadBuildActionExecuter.execute(GradleThreadBuildActionExecuter.java:36)
	at org.gradle.tooling.internal.provider.GradleThreadBuildActionExecuter.execute(GradleThreadBuildActionExecuter.java:25)
	at org.gradle.tooling.internal.provider.StartParamsValidatingActionExecuter.execute(StartParamsValidatingActionExecuter.java:63)
	at org.gradle.tooling.internal.provider.StartParamsValidatingActionExecuter.execute(StartParamsValidatingActionExecuter.java:31)
	at org.gradle.tooling.internal.provider.SessionFailureReportingActionExecuter.execute(SessionFailureReportingActionExecuter.java:58)
	at org.gradle.tooling.internal.provider.SessionFailureReportingActionExecuter.execute(SessionFailureReportingActionExecuter.java:42)
	at org.gradle.tooling.internal.provider.SetupLoggingActionExecuter.execute(SetupLoggingActionExecuter.java:47)
	at org.gradle.tooling.internal.provider.SetupLoggingActionExecuter.execute(SetupLoggingActionExecuter.java:31)
	at org.gradle.launcher.daemon.server.exec.ExecuteBuild.doBuild(ExecuteBuild.java:65)
	at org.gradle.launcher.daemon.server.exec.BuildCommandOnly.execute(BuildCommandOnly.java:37)
	at org.gradle.launcher.daemon.server.api.DaemonCommandExecution.proceed(DaemonCommandExecution.java:104)
	at org.gradle.launcher.daemon.server.exec.WatchForDisconnection.execute(WatchForDisconnection.java:39)
	at org.gradle.launcher.daemon.server.api.DaemonCommandExecution.proceed(DaemonCommandExecution.java:104)
	at org.gradle.launcher.daemon.server.exec.ResetDeprecationLogger.execute(ResetDeprecationLogger.java:29)
	at org.gradle.launcher.daemon.server.api.DaemonCommandExecution.proceed(DaemonCommandExecution.java:104)
	at org.gradle.launcher.daemon.server.exec.RequestStopIfSingleUsedDaemon.execute(RequestStopIfSingleUsedDaemon.java:35)
	at org.gradle.launcher.daemon.server.api.DaemonCommandExecution.proceed(DaemonCommandExecution.java:104)
	at org.gradle.launcher.daemon.server.exec.ForwardClientInput$2.create(ForwardClientInput.java:78)
	at org.gradle.launcher.daemon.server.exec.ForwardClientInput$2.create(ForwardClientInput.java:75)
	at org.gradle.util.internal.Swapper.swap(Swapper.java:38)
	at org.gradle.launcher.daemon.server.exec.ForwardClientInput.execute(ForwardClientInput.java:75)
	at org.gradle.launcher.daemon.server.api.DaemonCommandExecution.proceed(DaemonCommandExecution.java:104)
	at org.gradle.launcher.daemon.server.exec.LogAndCheckHealth.execute(LogAndCheckHealth.java:55)
	at org.gradle.launcher.daemon.server.api.DaemonCommandExecution.proceed(DaemonCommandExecution.java:104)
	at org.gradle.launcher.daemon.server.exec.LogToClient.doBuild(LogToClient.java:63)
	at org.gradle.launcher.daemon.server.exec.BuildCommandOnly.execute(BuildCommandOnly.java:37)
	at org.gradle.launcher.daemon.server.api.DaemonCommandExecution.proceed(DaemonCommandExecution.java:104)
	at org.gradle.launcher.daemon.server.exec.EstablishBuildEnvironment.doBuild(EstablishBuildEnvironment.java:84)
	at org.gradle.launcher.daemon.server.exec.BuildCommandOnly.execute(BuildCommandOnly.java:37)
	at org.gradle.launcher.daemon.server.api.DaemonCommandExecution.proceed(DaemonCommandExecution.java:104)
	at org.gradle.launcher.daemon.server.exec.StartBuildOrRespondWithBusy$1.run(StartBuildOrRespondWithBusy.java:52)
	at org.gradle.launcher.daemon.server.DaemonStateCoordinator$1.run(DaemonStateCoordinator.java:297)
	at org.gradle.internal.concurrent.ExecutorPolicy$CatchAndRecordFailures.onExecute(ExecutorPolicy.java:64)
	at org.gradle.internal.concurrent.ManagedExecutorImpl$1.run(ManagedExecutorImpl.java:48)
	at org.gradle.internal.concurrent.ThreadFactoryImpl$ManagedThreadRunnable.run(ThreadFactoryImpl.java:61)
Caused by: com.android.builder.errors.EvalIssueException: SDK location not found. Define a valid SDK location with an ANDROID_HOME environment variable or by setting the sdk.dir path in your project's local properties file at 'C:\Users\bancusoft\AndroidStudioProjects\Level_stat\local.properties'.
	at com.android.builder.errors.IssueReporter.reportError(IssueReporter.kt:109)
	at com.android.builder.errors.IssueReporter.reportError$default(IssueReporter.kt:105)
	at com.android.build.gradle.internal.SdkLocator.getSdkLocation(SdkLocator.kt:239)
	at com.android.build.gradle.internal.SdkDirectLoadingStrategy.loadSdkComponents(SdkDirectLoadingStrategy.kt:97)
	at com.android.build.gradle.internal.SdkDirectLoadingStrategy.init(SdkDirectLoadingStrategy.kt:92)
	at com.android.build.gradle.internal.SdkDirectLoadingStrategy.access$init(SdkDirectLoadingStrategy.kt:46)
	at com.android.build.gradle.internal.SdkDirectLoadingStrategy$components$2.invoke(SdkDirectLoadingStrategy.kt:71)
	at com.android.build.gradle.internal.SdkDirectLoadingStrategy$components$2.invoke(SdkDirectLoadingStrategy.kt:70)
	at kotlin.SynchronizedLazyImpl.getValue(LazyJVM.kt:74)
	at com.android.build.gradle.internal.SdkDirectLoadingStrategy.getComponents(SdkDirectLoadingStrategy.kt:70)
	at com.android.build.gradle.internal.SdkDirectLoadingStrategy.loadedSuccessfully(SdkDirectLoadingStrategy.kt:178)
	at com.android.build.gradle.internal.SdkLoadingStrategy.getApiVersionsFile(SdkLoadingStrategy.kt:34)
	at com.android.build.gradle.internal.SdkComponentsBuildService$VersionedSdkLoader$apiVersionsFile$1.call(SdkComponents.kt:249)
	at com.android.build.gradle.internal.SdkComponentsBuildService$VersionedSdkLoader$apiVersionsFile$1.call(SdkComponents.kt:249)
	at org.gradle.api.internal.provider.DefaultProvider.calculateOwnValue(DefaultProvider.java:66)
	at org.gradle.api.internal.provider.AbstractMinimalProvider.calculateValue(AbstractMinimalProvider.java:103)
	at org.gradle.api.internal.provider.TransformBackedProvider.calculateOwnValue(TransformBackedProvider.java:64)
	at org.gradle.api.internal.provider.AbstractMinimalProvider.calculateValue(AbstractMinimalProvider.java:103)
	at org.gradle.api.internal.provider.MappingProvider.calculateOwnValue(MappingProvider.java:55)
	at org.gradle.api.internal.provider.AbstractMinimalProvider.calculateValue(AbstractMinimalProvider.java:103)
	at org.gradle.api.internal.provider.DefaultProperty.calculateValueFrom(DefaultProperty.java:128)
	at org.gradle.api.internal.provider.DefaultProperty.calculateValueFrom(DefaultProperty.java:26)
	at org.gradle.api.internal.provider.AbstractProperty.doCalculateValue(AbstractProperty.java:133)
	at org.gradle.api.internal.provider.AbstractProperty.calculateOwnValue(AbstractProperty.java:127)
	at org.gradle.api.internal.provider.AbstractMinimalProvider.calculateValue(AbstractMinimalProvider.java:103)
	at org.gradle.api.internal.provider.FlatMapProvider.calculateOwnValue(FlatMapProvider.java:50)
	at org.gradle.api.internal.provider.AbstractMinimalProvider.getOrNull(AbstractMinimalProvider.java:93)
	at org.gradle.api.internal.provider.ProviderResolutionStrategy$1.resolve(ProviderResolutionStrategy.java:27)
	at org.gradle.api.internal.file.collections.ProviderBackedFileCollection.visitDependencies(ProviderBackedFileCollection.java:56)
	at org.gradle.api.internal.tasks.CachingTaskDependencyResolveContext$TaskGraphImpl.getNodeValues(CachingTaskDependencyResolveContext.java:114)
	at org.gradle.internal.graph.CachingDirectedGraphWalker$GraphWithEmptyEdges.getNodeValues(CachingDirectedGraphWalker.java:213)
	at org.gradle.internal.graph.CachingDirectedGraphWalker.doSearch(CachingDirectedGraphWalker.java:121)
	at org.gradle.internal.graph.CachingDirectedGraphWalker.findValues(CachingDirectedGraphWalker.java:73)
	at org.gradle.api.internal.tasks.CachingTaskDependencyResolveContext.getDependencies(CachingTaskDependencyResolveContext.java:69)
	... 136 more


* Get more help at https://help.gradle.org

BUILD FAILED in 8s
2022-06-12T09:53:05.347+0300 [DEBUG] [org.gradle.launcher.daemon.server.exec.ExecuteBuild] The daemon has finished executing the build.
2022-06-12T09:53:05.364+0300 [DEBUG] [org.gradle.launcher.daemon.server.DaemonStateCoordinator] daemon is running. Sleeping until state changes.
2022-06-12T09:53:05.365+0300 [DEBUG] [org.gradle.launcher.daemon.server.DaemonStateCoordinator] Command execution: finished waiting for DaemonCommandExecution[command = Build{id=a672c231-4407-44b0-a1d2-96ba4da72bc2, currentDir=C:\Users\bancusoft\AndroidStudioProjects\Level_stat}, connection = DefaultDaemonConnection: socket connection from /127.0.0.1:61854 to /127.0.0.1:61855]. Result org.gradle.launcher.daemon.server.DaemonStateCoordinator@503c068 with state Busy
2022-06-12T09:53:05.365+0300 [DEBUG] [org.gradle.launcher.daemon.server.DaemonStateCoordinator] Command execution: completed DaemonCommandExecution[command = Build{id=a672c231-4407-44b0-a1d2-96ba4da72bc2, currentDir=C:\Users\bancusoft\AndroidStudioProjects\Level_stat}, connection = DefaultDaemonConnection: socket connection from /127.0.0.1:61854 to /127.0.0.1:61855]
2022-06-12T09:53:05.365+0300 [DEBUG] [org.gradle.launcher.daemon.server.DaemonStateCoordinator] resetting idle timer
2022-06-12T09:53:05.365+0300 [INFO] [org.gradle.launcher.daemon.server.DaemonRegistryUpdater] Marking the daemon as idle, address: [18442d5a-a7c3-44e6-8930-c7c54797b98c port:61854, addresses:[localhost/127.0.0.1]]
2022-06-12T09:53:05.365+0300 [DEBUG] [org.gradle.launcher.daemon.registry.PersistentDaemonRegistry] Marking busy by address: [18442d5a-a7c3-44e6-8930-c7c54797b98c port:61854, addresses:[localhost/127.0.0.1]]
2022-06-12T09:53:05.367+0300 [DEBUG] [org.gradle.cache.internal.DefaultFileLockManager] Waiting to acquire exclusive lock on daemon addresses registry.
2022-06-12T09:53:05.367+0300 [DEBUG] [org.gradle.cache.internal.DefaultFileLockManager] Lock acquired on daemon addresses registry.
2022-06-12T09:53:05.368+0300 [DEBUG] [org.gradle.cache.internal.DefaultFileLockManager] Releasing lock on daemon addresses registry.
2022-06-12T09:53:05.369+0300 [DEBUG] [org.gradle.launcher.daemon.server.DaemonStateCoordinator] daemon is running. Sleeping until state changes.
2022-06-12T09:53:05.369+0300 [DEBUG] [org.gradle.launcher.daemon.server.exec.ReturnResult] Daemon is dispatching the build result: Success[value=org.gradle.launcher.exec.BuildActionResult@79d182ca]
2022-06-12T09:53:05.369+0300 [DEBUG] [org.gradle.launcher.daemon.server.SynchronizedDispatchConnection] thread 19: dispatching Success[value=org.gradle.launcher.exec.BuildActionResult@79d182ca]
2022-06-12T09:53:05.392+0300 [DEBUG] [org.gradle.launcher.daemon.server.DefaultIncomingConnectionHandler] Finishing executing command: Build{id=a672c231-4407-44b0-a1d2-96ba4da72bc2, currentDir=C:\Users\bancusoft\AndroidStudioProjects\Level_stat}
2022-06-12T09:53:05.429+0300 [DEBUG] [org.gradle.launcher.daemon.server.SynchronizedDispatchConnection] thread 20: received class org.gradle.launcher.daemon.protocol.Finished
2022-06-12T09:53:05.429+0300 [DEBUG] [org.gradle.launcher.daemon.server.DefaultDaemonConnection] thread 20: Received non-IO message from client: org.gradle.launcher.daemon.protocol.Finished@36eea81f
2022-06-12T09:53:05.430+0300 [DEBUG] [org.gradle.launcher.daemon.server.DefaultIncomingConnectionHandler] Received finished message: org.gradle.launcher.daemon.protocol.Finished@36eea81f
2022-06-12T09:53:05.430+0300 [DEBUG] [org.gradle.launcher.daemon.server.SynchronizedDispatchConnection] thread 19: stopping connection
2022-06-12T09:53:05.430+0300 [DEBUG] [org.gradle.internal.remote.internal.inet.SocketConnection] Discarding EOFException: java.io.EOFException
2022-06-12T09:53:05.430+0300 [DEBUG] [org.gradle.launcher.daemon.server.SynchronizedDispatchConnection] thread 20: received null
2022-06-12T09:53:05.430+0300 [DEBUG] [org.gradle.launcher.daemon.server.DefaultDaemonConnection] thread 20: Received end-of-input from client.
2022-06-12T09:53:05.431+0300 [DEBUG] [org.gradle.launcher.daemon.server.SynchronizedDispatchConnection] thread 19: stopping connection
2022-06-12T09:53:08.563+0300 [DEBUG] [org.gradle.cache.internal.DefaultFileLockManager] Waiting to acquire shared lock on daemon addresses registry.
2022-06-12T09:53:08.564+0300 [DEBUG] [org.gradle.cache.internal.DefaultFileLockManager] Lock acquired on daemon addresses registry.
2022-06-12T09:53:08.565+0300 [DEBUG] [org.gradle.cache.internal.DefaultFileLockManager] Releasing lock on daemon addresses registry.
2022-06-12T09:53:08.569+0300 [DEBUG] [org.gradle.cache.internal.DefaultFileLockManager] Waiting to acquire shared lock on daemon addresses registry.
2022-06-12T09:53:08.569+0300 [DEBUG] [org.gradle.cache.internal.DefaultFileLockManager] Lock acquired on daemon addresses registry.
2022-06-12T09:53:08.569+0300 [DEBUG] [org.gradle.cache.internal.DefaultFileLockManager] Releasing lock on daemon addresses registry.
2022-06-12T09:53:18.563+0300 [DEBUG] [org.gradle.cache.internal.DefaultFileLockManager] Waiting to acquire shared lock on daemon addresses registry.
2022-06-12T09:53:18.564+0300 [DEBUG] [org.gradle.cache.internal.DefaultFileLockManager] Lock acquired on daemon addresses registry.
2022-06-12T09:53:18.565+0300 [DEBUG] [org.gradle.cache.internal.DefaultFileLockManager] Releasing lock on daemon addresses registry.
2022-06-12T09:53:18.565+0300 [DEBUG] [org.gradle.cache.internal.DefaultFileLockManager] Waiting to acquire shared lock on daemon addresses registry.
2022-06-12T09:53:18.566+0300 [DEBUG] [org.gradle.cache.internal.DefaultFileLockManager] Lock acquired on daemon addresses registry.
2022-06-12T09:53:18.566+0300 [DEBUG] [org.gradle.cache.internal.DefaultFileLockManager] Releasing lock on daemon addresses registry.
2022-06-12T09:53:18.566+0300 [DEBUG] [org.gradle.cache.internal.DefaultFileLockManager] Waiting to acquire shared lock on daemon addresses registry.
2022-06-12T09:53:18.566+0300 [DEBUG] [org.gradle.cache.internal.DefaultFileLockManager] Lock acquired on daemon addresses registry.
2022-06-12T09:53:18.566+0300 [DEBUG] [org.gradle.cache.internal.DefaultFileLockManager] Releasing lock on daemon addresses registry.
2022-06-12T09:53:25.469+0300 [DEBUG] [org.gradle.internal.remote.internal.inet.TcpIncomingConnector] Accepted connection from /127.0.0.1:61862 to /127.0.0.1:61854.
2022-06-12T09:53:25.480+0300 [DEBUG] [org.gradle.launcher.daemon.server.SynchronizedDispatchConnection] thread 128: received class org.gradle.launcher.daemon.protocol.Build
2022-06-12T09:53:25.480+0300 [DEBUG] [org.gradle.launcher.daemon.server.DefaultDaemonConnection] thread 128: Received non-IO message from client: Build{id=73cbc018-5cc6-4cd3-81b4-64157fd0a591, currentDir=C:\Users\bancusoft\AndroidStudioProjects\Level_stat}
2022-06-12T09:53:25.480+0300 [INFO] [org.gradle.launcher.daemon.server.DefaultIncomingConnectionHandler] Received command: Build{id=73cbc018-5cc6-4cd3-81b4-64157fd0a591, currentDir=C:\Users\bancusoft\AndroidStudioProjects\Level_stat}.
2022-06-12T09:53:25.481+0300 [DEBUG] [org.gradle.launcher.daemon.server.DefaultIncomingConnectionHandler] Starting executing command: Build{id=73cbc018-5cc6-4cd3-81b4-64157fd0a591, currentDir=C:\Users\bancusoft\AndroidStudioProjects\Level_stat} with connection: socket connection from /127.0.0.1:61854 to /127.0.0.1:61862.
2022-06-12T09:53:25.481+0300 [DEBUG] [org.gradle.launcher.daemon.server.DaemonStateCoordinator] Command execution: started DaemonCommandExecution[command = Build{id=73cbc018-5cc6-4cd3-81b4-64157fd0a591, currentDir=C:\Users\bancusoft\AndroidStudioProjects\Level_stat}, connection = DefaultDaemonConnection: socket connection from /127.0.0.1:61854 to /127.0.0.1:61862] after 0.0 minutes of idle
2022-06-12T09:53:25.481+0300 [INFO] [org.gradle.launcher.daemon.server.DaemonRegistryUpdater] Marking the daemon as busy, address: [18442d5a-a7c3-44e6-8930-c7c54797b98c port:61854, addresses:[localhost/127.0.0.1]]
2022-06-12T09:53:25.481+0300 [DEBUG] [org.gradle.launcher.daemon.registry.PersistentDaemonRegistry] Marking busy by address: [18442d5a-a7c3-44e6-8930-c7c54797b98c port:61854, addresses:[localhost/127.0.0.1]]
2022-06-12T09:53:25.481+0300 [DEBUG] [org.gradle.cache.internal.DefaultFileLockManager] Waiting to acquire exclusive lock on daemon addresses registry.
2022-06-12T09:53:25.482+0300 [DEBUG] [org.gradle.cache.internal.DefaultFileLockManager] Lock acquired on daemon addresses registry.
2022-06-12T09:53:25.482+0300 [DEBUG] [org.gradle.cache.internal.DefaultFileLockManager] Releasing lock on daemon addresses registry.
2022-06-12T09:53:25.483+0300 [DEBUG] [org.gradle.launcher.daemon.server.DaemonStateCoordinator] resetting idle timer
2022-06-12T09:53:25.483+0300 [DEBUG] [org.gradle.launcher.daemon.server.DaemonStateCoordinator] daemon is running. Sleeping until state changes.
2022-06-12T09:53:25.483+0300 [INFO] [org.gradle.launcher.daemon.server.exec.StartBuildOrRespondWithBusy] Daemon is about to start building Build{id=73cbc018-5cc6-4cd3-81b4-64157fd0a591, currentDir=C:\Users\bancusoft\AndroidStudioProjects\Level_stat}. Dispatching build started information...
2022-06-12T09:53:25.483+0300 [DEBUG] [org.gradle.launcher.daemon.server.SynchronizedDispatchConnection] thread 22: dispatching org.gradle.launcher.daemon.protocol.BuildStarted@4ce16ccf
2022-06-12T09:53:25.484+0300 [DEBUG] [org.gradle.launcher.daemon.server.exec.EstablishBuildEnvironment] Configuring env variables: [USERDOMAIN_ROAMINGPROFILE, LOCALAPPDATA, PROCESSOR_LEVEL, USERDOMAIN, LOGONSERVER, FPS_BROWSER_APP_PROFILE_STRING, VS160PROCOMNTOOLS, JAVA_HOME, SESSIONNAME, ALLUSERSPROFILE, PROCESSOR_ARCHITECTURE, __COMPAT_LAYER, PSModulePath, SystemDrive, OneDrive, APPDATA, USERNAME, ProgramFiles(x86), CommonProgramFiles, Path, FPS_BROWSER_USER_PROFILE_STRING, PATHEXT, DriverData, OS, COMPUTERNAME, PROCESSOR_REVISION, CommonProgramW6432, ComSpec, ProgramData, ProgramW6432, TEMP, HOMEPATH, SystemRoot, PROCESSOR_IDENTIFIER, HOMEDRIVE, USERPROFILE, TMP, MYSQLCONNECTOR_ASSEMBLIESPATH, CommonProgramFiles(x86), ProgramFiles, PUBLIC, windir, NUMBER_OF_PROCESSORS, =::, IDEA_INITIAL_DIRECTORY, ZES_ENABLE_SYSMAN]
2022-06-12T09:53:25.484+0300 [DEBUG] [org.gradle.launcher.daemon.server.SynchronizedDispatchConnection] thread 128: received class org.gradle.launcher.daemon.protocol.CloseInput
2022-06-12T09:53:25.484+0300 [DEBUG] [org.gradle.launcher.daemon.server.DefaultDaemonConnection] thread 128: Received IO message from client: org.gradle.launcher.daemon.protocol.CloseInput@6a284d2b
2022-06-12T09:53:25.485+0300 [DEBUG] [org.gradle.launcher.daemon.server.exec.LogToClient] About to start relaying all logs to the client via the connection.
2022-06-12T09:53:25.485+0300 [INFO] [org.gradle.launcher.daemon.server.exec.LogToClient] The client will now receive all logging from the daemon (pid: 1472). The daemon log file: C:\Users\bancusoft\AndroidStudioProjects\Level_stat\daemon\7.3.3\daemon-1472.out.log
2022-06-12T09:53:25.485+0300 [INFO] [org.gradle.launcher.daemon.server.exec.LogAndCheckHealth] Starting 2nd build in daemon [uptime: 27.394 secs, performance: 99%]
2022-06-12T09:53:25.486+0300 [DEBUG] [org.gradle.launcher.daemon.server.exec.ExecuteBuild] The daemon has started executing the build.
2022-06-12T09:53:25.486+0300 [INFO] [org.gradle.launcher.daemon.server.exec.ForwardClientInput] Closing daemon's stdin at end of input.
2022-06-12T09:53:25.486+0300 [DEBUG] [org.gradle.launcher.daemon.server.exec.ExecuteBuild] Executing build with daemon context: DefaultDaemonContext[uid=34b09205-e9d5-4578-8d9c-395cc2d1b055,javaHome=C:\Program Files\Android\Android Studio\jre,daemonRegistryDir=C:\Users\bancusoft\AndroidStudioProjects\Level_stat\daemon,pid=1472,idleTimeout=10800000,priority=NORMAL,daemonOpts=--add-opens,java.base/java.util=ALL-UNNAMED,--add-opens,java.base/java.lang=ALL-UNNAMED,--add-opens,java.base/java.lang.invoke=ALL-UNNAMED,--add-opens,java.base/java.util=ALL-UNNAMED,--add-opens,java.prefs/java.util.prefs=ALL-UNNAMED,--add-opens,java.prefs/java.util.prefs=ALL-UNNAMED,--add-opens,java.base/java.nio.charset=ALL-UNNAMED,--add-opens,java.base/java.net=ALL-UNNAMED,--add-opens,java.base/java.util.concurrent.atomic=ALL-UNNAMED,-Xmx1536m,-Dfile.encoding=windows-1252,-Duser.country=US,-Duser.language=en,-Duser.variant]
2022-06-12T09:53:25.486+0300 [INFO] [org.gradle.launcher.daemon.server.exec.ForwardClientInput] The daemon will no longer process any standard input.

BUILD SUCCESSFUL in 23s
2022-06-12T09:53:45.781+0300 [DEBUG] [org.gradle.launcher.daemon.server.exec.ExecuteBuild] The daemon has finished executing the build.
2022-06-12T09:53:45.797+0300 [DEBUG] [org.gradle.launcher.daemon.server.DaemonStateCoordinator] daemon is running. Sleeping until state changes.
2022-06-12T09:53:45.797+0300 [DEBUG] [org.gradle.launcher.daemon.server.DaemonStateCoordinator] Command execution: finished waiting for DaemonCommandExecution[command = Build{id=73cbc018-5cc6-4cd3-81b4-64157fd0a591, currentDir=C:\Users\bancusoft\AndroidStudioProjects\Level_stat}, connection = DefaultDaemonConnection: socket connection from /127.0.0.1:61854 to /127.0.0.1:61862]. Result org.gradle.launcher.daemon.server.DaemonStateCoordinator@503c068 with state Busy
2022-06-12T09:53:45.797+0300 [DEBUG] [org.gradle.launcher.daemon.server.DaemonStateCoordinator] Command execution: completed DaemonCommandExecution[command = Build{id=73cbc018-5cc6-4cd3-81b4-64157fd0a591, currentDir=C:\Users\bancusoft\AndroidStudioProjects\Level_stat}, connection = DefaultDaemonConnection: socket connection from /127.0.0.1:61854 to /127.0.0.1:61862]
2022-06-12T09:53:45.798+0300 [DEBUG] [org.gradle.launcher.daemon.server.DaemonStateCoordinator] resetting idle timer
2022-06-12T09:53:45.798+0300 [INFO] [org.gradle.launcher.daemon.server.DaemonRegistryUpdater] Marking the daemon as idle, address: [18442d5a-a7c3-44e6-8930-c7c54797b98c port:61854, addresses:[localhost/127.0.0.1]]
2022-06-12T09:53:45.798+0300 [DEBUG] [org.gradle.launcher.daemon.registry.PersistentDaemonRegistry] Marking busy by address: [18442d5a-a7c3-44e6-8930-c7c54797b98c port:61854, addresses:[localhost/127.0.0.1]]
2022-06-12T09:53:45.799+0300 [DEBUG] [org.gradle.cache.internal.DefaultFileLockManager] Waiting to acquire exclusive lock on daemon addresses registry.
2022-06-12T09:53:45.800+0300 [DEBUG] [org.gradle.cache.internal.DefaultFileLockManager] Lock acquired on daemon addresses registry.
2022-06-12T09:53:45.801+0300 [DEBUG] [org.gradle.cache.internal.DefaultFileLockManager] Releasing lock on daemon addresses registry.
2022-06-12T09:53:45.801+0300 [DEBUG] [org.gradle.launcher.daemon.server.exec.ReturnResult] Daemon is dispatching the build result: Success[value=org.gradle.launcher.exec.BuildActionResult@1a977912]
2022-06-12T09:53:45.802+0300 [DEBUG] [org.gradle.launcher.daemon.server.SynchronizedDispatchConnection] thread 19: dispatching Success[value=org.gradle.launcher.exec.BuildActionResult@1a977912]
2022-06-12T09:53:45.803+0300 [DEBUG] [org.gradle.launcher.daemon.server.SynchronizedDispatchConnection] thread 128: received class org.gradle.launcher.daemon.protocol.Finished
2022-06-12T09:53:45.803+0300 [DEBUG] [org.gradle.launcher.daemon.server.DefaultDaemonConnection] thread 128: Received non-IO message from client: org.gradle.launcher.daemon.protocol.Finished@621503a0
2022-06-12T09:53:45.803+0300 [DEBUG] [org.gradle.internal.remote.internal.inet.SocketConnection] Discarding EOFException: java.io.EOFException
2022-06-12T09:53:45.804+0300 [DEBUG] [org.gradle.launcher.daemon.server.SynchronizedDispatchConnection] thread 128: received null
2022-06-12T09:53:45.804+0300 [DEBUG] [org.gradle.launcher.daemon.server.DefaultDaemonConnection] thread 128: Received end-of-input from client.
2022-06-12T09:53:45.803+0300 [DEBUG] [org.gradle.launcher.daemon.server.DaemonStateCoordinator] daemon is running. Sleeping until state changes.
2022-06-12T09:53:45.804+0300 [DEBUG] [org.gradle.launcher.daemon.server.DefaultIncomingConnectionHandler] Finishing executing command: Build{id=73cbc018-5cc6-4cd3-81b4-64157fd0a591, currentDir=C:\Users\bancusoft\AndroidStudioProjects\Level_stat}
2022-06-12T09:53:45.805+0300 [DEBUG] [org.gradle.launcher.daemon.server.DefaultIncomingConnectionHandler] Received finished message: null
2022-06-12T09:53:45.805+0300 [DEBUG] [org.gradle.launcher.daemon.server.SynchronizedDispatchConnection] thread 19: stopping connection
2022-06-12T09:53:45.807+0300 [DEBUG] [org.gradle.launcher.daemon.server.SynchronizedDispatchConnection] thread 19: stopping connection
2022-06-12T09:53:48.610+0300 [DEBUG] [org.gradle.cache.internal.DefaultFileLockManager] Waiting to acquire shared lock on daemon addresses registry.
2022-06-12T09:53:48.610+0300 [DEBUG] [org.gradle.cache.internal.DefaultFileLockManager] Lock acquired on daemon addresses registry.
2022-06-12T09:53:48.610+0300 [DEBUG] [org.gradle.cache.internal.DefaultFileLockManager] Releasing lock on daemon addresses registry.
2022-06-12T09:53:48.617+0300 [DEBUG] [org.gradle.cache.internal.DefaultFileLockManager] Waiting to acquire shared lock on daemon addresses registry.
2022-06-12T09:53:48.617+0300 [DEBUG] [org.gradle.cache.internal.DefaultFileLockManager] Lock acquired on daemon addresses registry.
2022-06-12T09:53:48.618+0300 [DEBUG] [org.gradle.cache.internal.DefaultFileLockManager] Releasing lock on daemon addresses registry.
2022-06-12T09:53:58.571+0300 [DEBUG] [org.gradle.cache.internal.DefaultFileLockManager] Waiting to acquire shared lock on daemon addresses registry.
2022-06-12T09:53:58.571+0300 [DEBUG] [org.gradle.cache.internal.DefaultFileLockManager] Lock acquired on daemon addresses registry.
2022-06-12T09:53:58.571+0300 [DEBUG] [org.gradle.cache.internal.DefaultFileLockManager] Releasing lock on daemon addresses registry.
2022-06-12T09:53:58.572+0300 [DEBUG] [org.gradle.cache.internal.DefaultFileLockManager] Waiting to acquire shared lock on daemon addresses registry.
2022-06-12T09:53:58.572+0300 [DEBUG] [org.gradle.cache.internal.DefaultFileLockManager] Lock acquired on daemon addresses registry.
2022-06-12T09:53:58.572+0300 [DEBUG] [org.gradle.cache.internal.DefaultFileLockManager] Releasing lock on daemon addresses registry.
2022-06-12T09:53:58.573+0300 [DEBUG] [org.gradle.cache.internal.DefaultFileLockManager] Waiting to acquire shared lock on daemon addresses registry.
2022-06-12T09:53:58.573+0300 [DEBUG] [org.gradle.cache.internal.DefaultFileLockManager] Lock acquired on daemon addresses registry.
2022-06-12T09:53:58.573+0300 [DEBUG] [org.gradle.cache.internal.DefaultFileLockManager] Releasing lock on daemon addresses registry.
2022-06-12T09:54:08.559+0300 [DEBUG] [org.gradle.cache.internal.DefaultFileLockManager] Waiting to acquire shared lock on daemon addresses registry.
2022-06-12T09:54:08.560+0300 [DEBUG] [org.gradle.cache.internal.DefaultFileLockManager] Lock acquired on daemon addresses registry.
2022-06-12T09:54:08.560+0300 [DEBUG] [org.gradle.cache.internal.DefaultFileLockManager] Releasing lock on daemon addresses registry.
2022-06-12T09:54:08.562+0300 [DEBUG] [org.gradle.cache.internal.DefaultFileLockManager] Waiting to acquire shared lock on daemon addresses registry.
2022-06-12T09:54:08.563+0300 [DEBUG] [org.gradle.cache.internal.DefaultFileLockManager] Lock acquired on daemon addresses registry.
2022-06-12T09:54:08.564+0300 [DEBUG] [org.gradle.cache.internal.DefaultFileLockManager] Releasing lock on daemon addresses registry.
2022-06-12T09:54:08.565+0300 [DEBUG] [org.gradle.cache.internal.DefaultFileLockManager] Waiting to acquire shared lock on daemon addresses registry.
2022-06-12T09:54:08.565+0300 [DEBUG] [org.gradle.cache.internal.DefaultFileLockManager] Lock acquired on daemon addresses registry.
2022-06-12T09:54:08.566+0300 [DEBUG] [org.gradle.cache.internal.DefaultFileLockManager] Releasing lock on daemon addresses registry.
2022-06-12T09:54:18.560+0300 [DEBUG] [org.gradle.cache.internal.DefaultFileLockManager] Waiting to acquire shared lock on daemon addresses registry.
2022-06-12T09:54:18.560+0300 [DEBUG] [org.gradle.cache.internal.DefaultFileLockManager] Lock acquired on daemon addresses registry.
2022-06-12T09:54:18.560+0300 [DEBUG] [org.gradle.cache.internal.DefaultFileLockManager] Releasing lock on daemon addresses registry.
2022-06-12T09:54:18.561+0300 [DEBUG] [org.gradle.cache.internal.DefaultFileLockManager] Waiting to acquire shared lock on daemon addresses registry.
2022-06-12T09:54:18.561+0300 [DEBUG] [org.gradle.cache.internal.DefaultFileLockManager] Lock acquired on daemon addresses registry.
2022-06-12T09:54:18.561+0300 [DEBUG] [org.gradle.cache.internal.DefaultFileLockManager] Releasing lock on daemon addresses registry.
2022-06-12T09:54:18.561+0300 [DEBUG] [org.gradle.cache.internal.DefaultFileLockManager] Waiting to acquire shared lock on daemon addresses registry.
2022-06-12T09:54:18.562+0300 [DEBUG] [org.gradle.cache.internal.DefaultFileLockManager] Lock acquired on daemon addresses registry.
2022-06-12T09:54:18.562+0300 [DEBUG] [org.gradle.cache.internal.DefaultFileLockManager] Releasing lock on daemon addresses registry.
2022-06-12T09:54:28.564+0300 [DEBUG] [org.gradle.cache.internal.DefaultFileLockManager] Waiting to acquire shared lock on daemon addresses registry.
2022-06-12T09:54:28.564+0300 [DEBUG] [org.gradle.cache.internal.DefaultFileLockManager] Lock acquired on daemon addresses registry.
2022-06-12T09:54:28.565+0300 [DEBUG] [org.gradle.cache.internal.DefaultFileLockManager] Releasing lock on daemon addresses registry.
2022-06-12T09:54:28.567+0300 [DEBUG] [org.gradle.cache.internal.DefaultFileLockManager] Waiting to acquire shared lock on daemon addresses registry.
2022-06-12T09:54:28.567+0300 [DEBUG] [org.gradle.cache.internal.DefaultFileLockManager] Lock acquired on daemon addresses registry.
2022-06-12T09:54:28.567+0300 [DEBUG] [org.gradle.cache.internal.DefaultFileLockManager] Releasing lock on daemon addresses registry.
2022-06-12T09:54:28.568+0300 [DEBUG] [org.gradle.cache.internal.DefaultFileLockManager] Waiting to acquire shared lock on daemon addresses registry.
2022-06-12T09:54:28.568+0300 [DEBUG] [org.gradle.cache.internal.DefaultFileLockManager] Lock acquired on daemon addresses registry.
2022-06-12T09:54:28.568+0300 [DEBUG] [org.gradle.cache.internal.DefaultFileLockManager] Releasing lock on daemon addresses registry.
2022-06-12T09:54:38.564+0300 [DEBUG] [org.gradle.cache.internal.DefaultFileLockManager] Waiting to acquire shared lock on daemon addresses registry.
2022-06-12T09:54:38.564+0300 [DEBUG] [org.gradle.cache.internal.DefaultFileLockManager] Lock acquired on daemon addresses registry.
2022-06-12T09:54:38.564+0300 [DEBUG] [org.gradle.cache.internal.DefaultFileLockManager] Releasing lock on daemon addresses registry.
2022-06-12T09:54:38.564+0300 [DEBUG] [org.gradle.cache.internal.DefaultFileLockManager] Waiting to acquire shared lock on daemon addresses registry.
2022-06-12T09:54:38.565+0300 [DEBUG] [org.gradle.cache.internal.DefaultFileLockManager] Lock acquired on daemon addresses registry.
2022-06-12T09:54:38.565+0300 [DEBUG] [org.gradle.cache.internal.DefaultFileLockManager] Releasing lock on daemon addresses registry.
2022-06-12T09:54:38.565+0300 [DEBUG] [org.gradle.cache.internal.DefaultFileLockManager] Waiting to acquire shared lock on daemon addresses registry.
2022-06-12T09:54:38.565+0300 [DEBUG] [org.gradle.cache.internal.DefaultFileLockManager] Lock acquired on daemon addresses registry.
2022-06-12T09:54:38.565+0300 [DEBUG] [org.gradle.cache.internal.DefaultFileLockManager] Releasing lock on daemon addresses registry.
2022-06-12T09:54:48.568+0300 [DEBUG] [org.gradle.cache.internal.DefaultFileLockManager] Waiting to acquire shared lock on daemon addresses registry.
2022-06-12T09:54:48.569+0300 [DEBUG] [org.gradle.cache.internal.DefaultFileLockManager] Lock acquired on daemon addresses registry.
2022-06-12T09:54:48.569+0300 [DEBUG] [org.gradle.cache.internal.DefaultFileLockManager] Releasing lock on daemon addresses registry.
2022-06-12T09:54:48.570+0300 [DEBUG] [org.gradle.cache.internal.DefaultFileLockManager] Waiting to acquire shared lock on daemon addresses registry.
2022-06-12T09:54:48.571+0300 [DEBUG] [org.gradle.cache.internal.DefaultFileLockManager] Lock acquired on daemon addresses registry.
2022-06-12T09:54:48.571+0300 [DEBUG] [org.gradle.cache.internal.DefaultFileLockManager] Releasing lock on daemon addresses registry.
2022-06-12T09:54:48.572+0300 [DEBUG] [org.gradle.cache.internal.DefaultFileLockManager] Waiting to acquire shared lock on daemon addresses registry.
2022-06-12T09:54:48.572+0300 [DEBUG] [org.gradle.cache.internal.DefaultFileLockManager] Lock acquired on daemon addresses registry.
2022-06-12T09:54:48.572+0300 [DEBUG] [org.gradle.cache.internal.DefaultFileLockManager] Releasing lock on daemon addresses registry.
2022-06-12T09:54:58.557+0300 [DEBUG] [org.gradle.cache.internal.DefaultFileLockManager] Waiting to acquire shared lock on daemon addresses registry.
2022-06-12T09:54:58.558+0300 [DEBUG] [org.gradle.cache.internal.DefaultFileLockManager] Lock acquired on daemon addresses registry.
2022-06-12T09:54:58.559+0300 [DEBUG] [org.gradle.cache.internal.DefaultFileLockManager] Releasing lock on daemon addresses registry.
2022-06-12T09:54:58.560+0300 [DEBUG] [org.gradle.cache.internal.DefaultFileLockManager] Waiting to acquire shared lock on daemon addresses registry.
2022-06-12T09:54:58.560+0300 [DEBUG] [org.gradle.cache.internal.DefaultFileLockManager] Lock acquired on daemon addresses registry.
2022-06-12T09:54:58.561+0300 [DEBUG] [org.gradle.cache.internal.DefaultFileLockManager] Releasing lock on daemon addresses registry.
2022-06-12T09:54:58.562+0300 [DEBUG] [org.gradle.cache.internal.DefaultFileLockManager] Waiting to acquire shared lock on daemon addresses registry.
2022-06-12T09:54:58.562+0300 [DEBUG] [org.gradle.cache.internal.DefaultFileLockManager] Lock acquired on daemon addresses registry.
2022-06-12T09:54:58.562+0300 [DEBUG] [org.gradle.cache.internal.DefaultFileLockManager] Releasing lock on daemon addresses registry.
2022-06-12T09:55:08.567+0300 [DEBUG] [org.gradle.cache.internal.DefaultFileLockManager] Waiting to acquire shared lock on daemon addresses registry.
2022-06-12T09:55:08.568+0300 [DEBUG] [org.gradle.cache.internal.DefaultFileLockManager] Lock acquired on daemon addresses registry.
2022-06-12T09:55:08.568+0300 [DEBUG] [org.gradle.cache.internal.DefaultFileLockManager] Releasing lock on daemon addresses registry.
2022-06-12T09:55:08.569+0300 [DEBUG] [org.gradle.cache.internal.DefaultFileLockManager] Waiting to acquire shared lock on daemon addresses registry.
2022-06-12T09:55:08.570+0300 [DEBUG] [org.gradle.cache.internal.DefaultFileLockManager] Lock acquired on daemon addresses registry.
2022-06-12T09:55:08.571+0300 [DEBUG] [org.gradle.cache.internal.DefaultFileLockManager] Releasing lock on daemon addresses registry.
2022-06-12T09:55:08.573+0300 [DEBUG] [org.gradle.cache.internal.DefaultFileLockManager] Waiting to acquire shared lock on daemon addresses registry.
2022-06-12T09:55:08.574+0300 [DEBUG] [org.gradle.cache.internal.DefaultFileLockManager] Lock acquired on daemon addresses registry.
2022-06-12T09:55:08.574+0300 [DEBUG] [org.gradle.cache.internal.DefaultFileLockManager] Releasing lock on daemon addresses registry.
2022-06-12T09:55:18.558+0300 [DEBUG] [org.gradle.cache.internal.DefaultFileLockManager] Waiting to acquire shared lock on daemon addresses registry.
2022-06-12T09:55:18.559+0300 [DEBUG] [org.gradle.cache.internal.DefaultFileLockManager] Lock acquired on daemon addresses registry.
2022-06-12T09:55:18.560+0300 [DEBUG] [org.gradle.cache.internal.DefaultFileLockManager] Releasing lock on daemon addresses registry.
2022-06-12T09:55:18.562+0300 [DEBUG] [org.gradle.cache.internal.DefaultFileLockManager] Waiting to acquire shared lock on daemon addresses registry.
2022-06-12T09:55:18.563+0300 [DEBUG] [org.gradle.cache.internal.DefaultFileLockManager] Lock acquired on daemon addresses registry.
2022-06-12T09:55:18.564+0300 [DEBUG] [org.gradle.cache.internal.DefaultFileLockManager] Releasing lock on daemon addresses registry.
2022-06-12T09:55:18.565+0300 [DEBUG] [org.gradle.cache.internal.DefaultFileLockManager] Waiting to acquire shared lock on daemon addresses registry.
2022-06-12T09:55:18.566+0300 [DEBUG] [org.gradle.cache.internal.DefaultFileLockManager] Lock acquired on daemon addresses registry.
2022-06-12T09:55:18.566+0300 [DEBUG] [org.gradle.cache.internal.DefaultFileLockManager] Releasing lock on daemon addresses registry.
2022-06-12T09:55:28.561+0300 [DEBUG] [org.gradle.cache.internal.DefaultFileLockManager] Waiting to acquire shared lock on daemon addresses registry.
2022-06-12T09:55:28.561+0300 [DEBUG] [org.gradle.cache.internal.DefaultFileLockManager] Lock acquired on daemon addresses registry.
2022-06-12T09:55:28.561+0300 [DEBUG] [org.gradle.cache.internal.DefaultFileLockManager] Releasing lock on daemon addresses registry.
2022-06-12T09:55:28.562+0300 [DEBUG] [org.gradle.cache.internal.DefaultFileLockManager] Waiting to acquire shared lock on daemon addresses registry.
2022-06-12T09:55:28.562+0300 [DEBUG] [org.gradle.cache.internal.DefaultFileLockManager] Lock acquired on daemon addresses registry.
2022-06-12T09:55:28.562+0300 [DEBUG] [org.gradle.cache.internal.DefaultFileLockManager] Releasing lock on daemon addresses registry.
2022-06-12T09:55:28.563+0300 [DEBUG] [org.gradle.cache.internal.DefaultFileLockManager] Waiting to acquire shared lock on daemon addresses registry.
2022-06-12T09:55:28.563+0300 [DEBUG] [org.gradle.cache.internal.DefaultFileLockManager] Lock acquired on daemon addresses registry.
2022-06-12T09:55:28.563+0300 [DEBUG] [org.gradle.cache.internal.DefaultFileLockManager] Releasing lock on daemon addresses registry.
2022-06-12T09:55:38.566+0300 [DEBUG] [org.gradle.cache.internal.DefaultFileLockManager] Waiting to acquire shared lock on daemon addresses registry.
2022-06-12T09:55:38.566+0300 [DEBUG] [org.gradle.cache.internal.DefaultFileLockManager] Lock acquired on daemon addresses registry.
2022-06-12T09:55:38.567+0300 [DEBUG] [org.gradle.cache.internal.DefaultFileLockManager] Releasing lock on daemon addresses registry.
2022-06-12T09:55:38.569+0300 [DEBUG] [org.gradle.cache.internal.DefaultFileLockManager] Waiting to acquire shared lock on daemon addresses registry.
2022-06-12T09:55:38.570+0300 [DEBUG] [org.gradle.cache.internal.DefaultFileLockManager] Lock acquired on daemon addresses registry.
2022-06-12T09:55:38.571+0300 [DEBUG] [org.gradle.cache.internal.DefaultFileLockManager] Releasing lock on daemon addresses registry.
2022-06-12T09:55:38.574+0300 [DEBUG] [org.gradle.cache.internal.DefaultFileLockManager] Waiting to acquire shared lock on daemon addresses registry.
2022-06-12T09:55:38.574+0300 [DEBUG] [org.gradle.cache.internal.DefaultFileLockManager] Lock acquired on daemon addresses registry.
2022-06-12T09:55:38.575+0300 [DEBUG] [org.gradle.cache.internal.DefaultFileLockManager] Releasing lock on daemon addresses registry.
2022-06-12T09:55:48.559+0300 [DEBUG] [org.gradle.cache.internal.DefaultFileLockManager] Waiting to acquire shared lock on daemon addresses registry.
2022-06-12T09:55:48.560+0300 [DEBUG] [org.gradle.cache.internal.DefaultFileLockManager] Lock acquired on daemon addresses registry.
2022-06-12T09:55:48.561+0300 [DEBUG] [org.gradle.cache.internal.DefaultFileLockManager] Releasing lock on daemon addresses registry.
2022-06-12T09:55:48.564+0300 [DEBUG] [org.gradle.cache.internal.DefaultFileLockManager] Waiting to acquire shared lock on daemon addresses registry.
2022-06-12T09:55:48.565+0300 [DEBUG] [org.gradle.cache.internal.DefaultFileLockManager] Lock acquired on daemon addresses registry.
2022-06-12T09:55:48.567+0300 [DEBUG] [org.gradle.cache.internal.DefaultFileLockManager] Releasing lock on daemon addresses registry.
2022-06-12T09:55:48.571+0300 [DEBUG] [org.gradle.cache.internal.DefaultFileLockManager] Waiting to acquire shared lock on daemon addresses registry.
2022-06-12T09:55:48.572+0300 [DEBUG] [org.gradle.cache.internal.DefaultFileLockManager] Lock acquired on daemon addresses registry.
2022-06-12T09:55:48.574+0300 [DEBUG] [org.gradle.cache.internal.DefaultFileLockManager] Releasing lock on daemon addresses registry.
2022-06-12T09:55:58.565+0300 [DEBUG] [org.gradle.cache.internal.DefaultFileLockManager] Waiting to acquire shared lock on daemon addresses registry.
2022-06-12T09:55:58.566+0300 [DEBUG] [org.gradle.cache.internal.DefaultFileLockManager] Lock acquired on daemon addresses registry.
2022-06-12T09:55:58.568+0300 [DEBUG] [org.gradle.cache.internal.DefaultFileLockManager] Releasing lock on daemon addresses registry.
2022-06-12T09:55:58.571+0300 [DEBUG] [org.gradle.cache.internal.DefaultFileLockManager] Waiting to acquire shared lock on daemon addresses registry.
2022-06-12T09:55:58.572+0300 [DEBUG] [org.gradle.cache.internal.DefaultFileLockManager] Lock acquired on daemon addresses registry.
2022-06-12T09:55:58.573+0300 [DEBUG] [org.gradle.cache.internal.DefaultFileLockManager] Releasing lock on daemon addresses registry.
2022-06-12T09:55:58.575+0300 [DEBUG] [org.gradle.cache.internal.DefaultFileLockManager] Waiting to acquire shared lock on daemon addresses registry.
2022-06-12T09:55:58.575+0300 [DEBUG] [org.gradle.cache.internal.DefaultFileLockManager] Lock acquired on daemon addresses registry.
2022-06-12T09:55:58.576+0300 [DEBUG] [org.gradle.cache.internal.DefaultFileLockManager] Releasing lock on daemon addresses registry.
2022-06-12T09:56:08.556+0300 [DEBUG] [org.gradle.cache.internal.DefaultFileLockManager] Waiting to acquire shared lock on daemon addresses registry.
2022-06-12T09:56:08.556+0300 [DEBUG] [org.gradle.cache.internal.DefaultFileLockManager] Lock acquired on daemon addresses registry.
2022-06-12T09:56:08.556+0300 [DEBUG] [org.gradle.cache.internal.DefaultFileLockManager] Releasing lock on daemon addresses registry.
2022-06-12T09:56:08.557+0300 [DEBUG] [org.gradle.cache.internal.DefaultFileLockManager] Waiting to acquire shared lock on daemon addresses registry.
2022-06-12T09:56:08.557+0300 [DEBUG] [org.gradle.cache.internal.DefaultFileLockManager] Lock acquired on daemon addresses registry.
2022-06-12T09:56:08.558+0300 [DEBUG] [org.gradle.cache.internal.DefaultFileLockManager] Releasing lock on daemon addresses registry.
2022-06-12T09:56:08.559+0300 [DEBUG] [org.gradle.cache.internal.DefaultFileLockManager] Waiting to acquire shared lock on daemon addresses registry.
2022-06-12T09:56:08.559+0300 [DEBUG] [org.gradle.cache.internal.DefaultFileLockManager] Lock acquired on daemon addresses registry.
2022-06-12T09:56:08.559+0300 [DEBUG] [org.gradle.cache.internal.DefaultFileLockManager] Releasing lock on daemon addresses registry.
2022-06-12T09:56:18.558+0300 [DEBUG] [org.gradle.cache.internal.DefaultFileLockManager] Waiting to acquire shared lock on daemon addresses registry.
2022-06-12T09:56:18.559+0300 [DEBUG] [org.gradle.cache.internal.DefaultFileLockManager] Lock acquired on daemon addresses registry.
2022-06-12T09:56:18.560+0300 [DEBUG] [org.gradle.cache.internal.DefaultFileLockManager] Releasing lock on daemon addresses registry.
2022-06-12T09:56:18.561+0300 [DEBUG] [org.gradle.cache.internal.DefaultFileLockManager] Waiting to acquire shared lock on daemon addresses registry.
2022-06-12T09:56:18.562+0300 [DEBUG] [org.gradle.cache.internal.DefaultFileLockManager] Lock acquired on daemon addresses registry.
2022-06-12T09:56:18.562+0300 [DEBUG] [org.gradle.cache.internal.DefaultFileLockManager] Releasing lock on daemon addresses registry.
2022-06-12T09:56:18.563+0300 [DEBUG] [org.gradle.cache.internal.DefaultFileLockManager] Waiting to acquire shared lock on daemon addresses registry.
2022-06-12T09:56:18.563+0300 [DEBUG] [org.gradle.cache.internal.DefaultFileLockManager] Lock acquired on daemon addresses registry.
2022-06-12T09:56:18.563+0300 [DEBUG] [org.gradle.cache.internal.DefaultFileLockManager] Releasing lock on daemon addresses registry.
2022-06-12T09:56:28.563+0300 [DEBUG] [org.gradle.cache.internal.DefaultFileLockManager] Waiting to acquire shared lock on daemon addresses registry.
2022-06-12T09:56:28.564+0300 [DEBUG] [org.gradle.cache.internal.DefaultFileLockManager] Lock acquired on daemon addresses registry.
2022-06-12T09:56:28.564+0300 [DEBUG] [org.gradle.cache.internal.DefaultFileLockManager] Releasing lock on daemon addresses registry.
2022-06-12T09:56:28.566+0300 [DEBUG] [org.gradle.cache.internal.DefaultFileLockManager] Waiting to acquire shared lock on daemon addresses registry.
2022-06-12T09:56:28.567+0300 [DEBUG] [org.gradle.cache.internal.DefaultFileLockManager] Lock acquired on daemon addresses registry.
2022-06-12T09:56:28.568+0300 [DEBUG] [org.gradle.cache.internal.DefaultFileLockManager] Releasing lock on daemon addresses registry.
2022-06-12T09:56:28.569+0300 [DEBUG] [org.gradle.cache.internal.DefaultFileLockManager] Waiting to acquire shared lock on daemon addresses registry.
2022-06-12T09:56:28.570+0300 [DEBUG] [org.gradle.cache.internal.DefaultFileLockManager] Lock acquired on daemon addresses registry.
2022-06-12T09:56:28.570+0300 [DEBUG] [org.gradle.cache.internal.DefaultFileLockManager] Releasing lock on daemon addresses registry.
2022-06-12T09:56:38.562+0300 [DEBUG] [org.gradle.cache.internal.DefaultFileLockManager] Waiting to acquire shared lock on daemon addresses registry.
2022-06-12T09:56:38.562+0300 [DEBUG] [org.gradle.cache.internal.DefaultFileLockManager] Lock acquired on daemon addresses registry.
2022-06-12T09:56:38.563+0300 [DEBUG] [org.gradle.cache.internal.DefaultFileLockManager] Releasing lock on daemon addresses registry.
2022-06-12T09:56:38.564+0300 [DEBUG] [org.gradle.cache.internal.DefaultFileLockManager] Waiting to acquire shared lock on daemon addresses registry.
2022-06-12T09:56:38.564+0300 [DEBUG] [org.gradle.cache.internal.DefaultFileLockManager] Lock acquired on daemon addresses registry.
2022-06-12T09:56:38.564+0300 [DEBUG] [org.gradle.cache.internal.DefaultFileLockManager] Releasing lock on daemon addresses registry.
2022-06-12T09:56:38.565+0300 [DEBUG] [org.gradle.cache.internal.DefaultFileLockManager] Waiting to acquire shared lock on daemon addresses registry.
2022-06-12T09:56:38.565+0300 [DEBUG] [org.gradle.cache.internal.DefaultFileLockManager] Lock acquired on daemon addresses registry.
2022-06-12T09:56:38.565+0300 [DEBUG] [org.gradle.cache.internal.DefaultFileLockManager] Releasing lock on daemon addresses registry.
2022-06-12T09:56:48.564+0300 [DEBUG] [org.gradle.cache.internal.DefaultFileLockManager] Waiting to acquire shared lock on daemon addresses registry.
2022-06-12T09:56:48.565+0300 [DEBUG] [org.gradle.cache.internal.DefaultFileLockManager] Lock acquired on daemon addresses registry.
2022-06-12T09:56:48.565+0300 [DEBUG] [org.gradle.cache.internal.DefaultFileLockManager] Releasing lock on daemon addresses registry.
2022-06-12T09:56:48.567+0300 [DEBUG] [org.gradle.cache.internal.DefaultFileLockManager] Waiting to acquire shared lock on daemon addresses registry.
2022-06-12T09:56:48.568+0300 [DEBUG] [org.gradle.cache.internal.DefaultFileLockManager] Lock acquired on daemon addresses registry.
2022-06-12T09:56:48.568+0300 [DEBUG] [org.gradle.cache.internal.DefaultFileLockManager] Releasing lock on daemon addresses registry.
2022-06-12T09:56:48.570+0300 [DEBUG] [org.gradle.cache.internal.DefaultFileLockManager] Waiting to acquire shared lock on daemon addresses registry.
2022-06-12T09:56:48.570+0300 [DEBUG] [org.gradle.cache.internal.DefaultFileLockManager] Lock acquired on daemon addresses registry.
2022-06-12T09:56:48.571+0300 [DEBUG] [org.gradle.cache.internal.DefaultFileLockManager] Releasing lock on daemon addresses registry.
2022-06-12T09:56:58.559+0300 [DEBUG] [org.gradle.cache.internal.DefaultFileLockManager] Waiting to acquire shared lock on daemon addresses registry.
2022-06-12T09:56:58.559+0300 [DEBUG] [org.gradle.cache.internal.DefaultFileLockManager] Lock acquired on daemon addresses registry.
2022-06-12T09:56:58.560+0300 [DEBUG] [org.gradle.cache.internal.DefaultFileLockManager] Releasing lock on daemon addresses registry.
2022-06-12T09:56:58.560+0300 [DEBUG] [org.gradle.cache.internal.DefaultFileLockManager] Waiting to acquire shared lock on daemon addresses registry.
2022-06-12T09:56:58.561+0300 [DEBUG] [org.gradle.cache.internal.DefaultFileLockManager] Lock acquired on daemon addresses registry.
2022-06-12T09:56:58.561+0300 [DEBUG] [org.gradle.cache.internal.DefaultFileLockManager] Releasing lock on daemon addresses registry.
2022-06-12T09:56:58.561+0300 [DEBUG] [org.gradle.cache.internal.DefaultFileLockManager] Waiting to acquire shared lock on daemon addresses registry.
2022-06-12T09:56:58.562+0300 [DEBUG] [org.gradle.cache.internal.DefaultFileLockManager] Lock acquired on daemon addresses registry.
2022-06-12T09:56:58.562+0300 [DEBUG] [org.gradle.cache.internal.DefaultFileLockManager] Releasing lock on daemon addresses registry.
2022-06-12T09:57:08.566+0300 [DEBUG] [org.gradle.cache.internal.DefaultFileLockManager] Waiting to acquire shared lock on daemon addresses registry.
2022-06-12T09:57:08.566+0300 [DEBUG] [org.gradle.cache.internal.DefaultFileLockManager] Lock acquired on daemon addresses registry.
2022-06-12T09:57:08.567+0300 [DEBUG] [org.gradle.cache.internal.DefaultFileLockManager] Releasing lock on daemon addresses registry.
2022-06-12T09:57:08.569+0300 [DEBUG] [org.gradle.cache.internal.DefaultFileLockManager] Waiting to acquire shared lock on daemon addresses registry.
2022-06-12T09:57:08.569+0300 [DEBUG] [org.gradle.cache.internal.DefaultFileLockManager] Lock acquired on daemon addresses registry.
2022-06-12T09:57:08.570+0300 [DEBUG] [org.gradle.cache.internal.DefaultFileLockManager] Releasing lock on daemon addresses registry.
2022-06-12T09:57:08.572+0300 [DEBUG] [org.gradle.cache.internal.DefaultFileLockManager] Waiting to acquire shared lock on daemon addresses registry.
2022-06-12T09:57:08.572+0300 [DEBUG] [org.gradle.cache.internal.DefaultFileLockManager] Lock acquired on daemon addresses registry.
2022-06-12T09:57:08.573+0300 [DEBUG] [org.gradle.cache.internal.DefaultFileLockManager] Releasing lock on daemon addresses registry.
2022-06-12T09:57:18.556+0300 [DEBUG] [org.gradle.cache.internal.DefaultFileLockManager] Waiting to acquire shared lock on daemon addresses registry.
2022-06-12T09:57:18.556+0300 [DEBUG] [org.gradle.cache.internal.DefaultFileLockManager] Lock acquired on daemon addresses registry.
2022-06-12T09:57:18.557+0300 [DEBUG] [org.gradle.cache.internal.DefaultFileLockManager] Releasing lock on daemon addresses registry.
2022-06-12T09:57:18.557+0300 [DEBUG] [org.gradle.cache.internal.DefaultFileLockManager] Waiting to acquire shared lock on daemon addresses registry.
2022-06-12T09:57:18.557+0300 [DEBUG] [org.gradle.cache.internal.DefaultFileLockManager] Lock acquired on daemon addresses registry.
2022-06-12T09:57:18.557+0300 [DEBUG] [org.gradle.cache.internal.DefaultFileLockManager] Releasing lock on daemon addresses registry.
2022-06-12T09:57:18.558+0300 [DEBUG] [org.gradle.cache.internal.DefaultFileLockManager] Waiting to acquire shared lock on daemon addresses registry.
2022-06-12T09:57:18.558+0300 [DEBUG] [org.gradle.cache.internal.DefaultFileLockManager] Lock acquired on daemon addresses registry.
2022-06-12T09:57:18.558+0300 [DEBUG] [org.gradle.cache.internal.DefaultFileLockManager] Releasing lock on daemon addresses registry.
2022-06-12T09:57:28.565+0300 [DEBUG] [org.gradle.cache.internal.DefaultFileLockManager] Waiting to acquire shared lock on daemon addresses registry.
2022-06-12T09:57:28.565+0300 [DEBUG] [org.gradle.cache.internal.DefaultFileLockManager] Lock acquired on daemon addresses registry.
2022-06-12T09:57:28.566+0300 [DEBUG] [org.gradle.cache.internal.DefaultFileLockManager] Releasing lock on daemon addresses registry.
2022-06-12T09:57:28.566+0300 [DEBUG] [org.gradle.cache.internal.DefaultFileLockManager] Waiting to acquire shared lock on daemon addresses registry.
2022-06-12T09:57:28.566+0300 [DEBUG] [org.gradle.cache.internal.DefaultFileLockManager] Lock acquired on daemon addresses registry.
2022-06-12T09:57:28.567+0300 [DEBUG] [org.gradle.cache.internal.DefaultFileLockManager] Releasing lock on daemon addresses registry.
2022-06-12T09:57:28.567+0300 [DEBUG] [org.gradle.cache.internal.DefaultFileLockManager] Waiting to acquire shared lock on daemon addresses registry.
2022-06-12T09:57:28.567+0300 [DEBUG] [org.gradle.cache.internal.DefaultFileLockManager] Lock acquired on daemon addresses registry.
2022-06-12T09:57:28.567+0300 [DEBUG] [org.gradle.cache.internal.DefaultFileLockManager] Releasing lock on daemon addresses registry.
2022-06-12T09:57:38.569+0300 [DEBUG] [org.gradle.cache.internal.DefaultFileLockManager] Waiting to acquire shared lock on daemon addresses registry.
2022-06-12T09:57:38.570+0300 [DEBUG] [org.gradle.cache.internal.DefaultFileLockManager] Lock acquired on daemon addresses registry.
2022-06-12T09:57:38.571+0300 [DEBUG] [org.gradle.cache.internal.DefaultFileLockManager] Releasing lock on daemon addresses registry.
2022-06-12T09:57:38.572+0300 [DEBUG] [org.gradle.cache.internal.DefaultFileLockManager] Waiting to acquire shared lock on daemon addresses registry.
2022-06-12T09:57:38.573+0300 [DEBUG] [org.gradle.cache.internal.DefaultFileLockManager] Lock acquired on daemon addresses registry.
2022-06-12T09:57:38.574+0300 [DEBUG] [org.gradle.cache.internal.DefaultFileLockManager] Releasing lock on daemon addresses registry.
2022-06-12T09:57:38.575+0300 [DEBUG] [org.gradle.cache.internal.DefaultFileLockManager] Waiting to acquire shared lock on daemon addresses registry.
2022-06-12T09:57:38.576+0300 [DEBUG] [org.gradle.cache.internal.DefaultFileLockManager] Lock acquired on daemon addresses registry.
2022-06-12T09:57:38.576+0300 [DEBUG] [org.gradle.cache.internal.DefaultFileLockManager] Releasing lock on daemon addresses registry.
2022-06-12T09:57:48.563+0300 [DEBUG] [org.gradle.cache.internal.DefaultFileLockManager] Waiting to acquire shared lock on daemon addresses registry.
2022-06-12T09:57:48.564+0300 [DEBUG] [org.gradle.cache.internal.DefaultFileLockManager] Lock acquired on daemon addresses registry.
2022-06-12T09:57:48.566+0300 [DEBUG] [org.gradle.cache.internal.DefaultFileLockManager] Releasing lock on daemon addresses registry.
2022-06-12T09:57:48.568+0300 [DEBUG] [org.gradle.cache.internal.DefaultFileLockManager] Waiting to acquire shared lock on daemon addresses registry.
2022-06-12T09:57:48.569+0300 [DEBUG] [org.gradle.cache.internal.DefaultFileLockManager] Lock acquired on daemon addresses registry.
2022-06-12T09:57:48.569+0300 [DEBUG] [org.gradle.cache.internal.DefaultFileLockManager] Releasing lock on daemon addresses registry.
2022-06-12T09:57:48.571+0300 [DEBUG] [org.gradle.cache.internal.DefaultFileLockManager] Waiting to acquire shared lock on daemon addresses registry.
2022-06-12T09:57:48.572+0300 [DEBUG] [org.gradle.cache.internal.DefaultFileLockManager] Lock acquired on daemon addresses registry.
2022-06-12T09:57:48.572+0300 [DEBUG] [org.gradle.cache.internal.DefaultFileLockManager] Releasing lock on daemon addresses registry.
2022-06-12T09:57:58.563+0300 [DEBUG] [org.gradle.cache.internal.DefaultFileLockManager] Waiting to acquire shared lock on daemon addresses registry.
2022-06-12T09:57:58.563+0300 [DEBUG] [org.gradle.cache.internal.DefaultFileLockManager] Lock acquired on daemon addresses registry.
2022-06-12T09:57:58.564+0300 [DEBUG] [org.gradle.cache.internal.DefaultFileLockManager] Releasing lock on daemon addresses registry.
2022-06-12T09:57:58.566+0300 [DEBUG] [org.gradle.cache.internal.DefaultFileLockManager] Waiting to acquire shared lock on daemon addresses registry.
2022-06-12T09:57:58.566+0300 [DEBUG] [org.gradle.cache.internal.DefaultFileLockManager] Lock acquired on daemon addresses registry.
2022-06-12T09:57:58.567+0300 [DEBUG] [org.gradle.cache.internal.DefaultFileLockManager] Releasing lock on daemon addresses registry.
2022-06-12T09:57:58.569+0300 [DEBUG] [org.gradle.cache.internal.DefaultFileLockManager] Waiting to acquire shared lock on daemon addresses registry.
2022-06-12T09:57:58.569+0300 [DEBUG] [org.gradle.cache.internal.DefaultFileLockManager] Lock acquired on daemon addresses registry.
2022-06-12T09:57:58.570+0300 [DEBUG] [org.gradle.cache.internal.DefaultFileLockManager] Releasing lock on daemon addresses registry.
2022-06-12T09:58:08.562+0300 [DEBUG] [org.gradle.cache.internal.DefaultFileLockManager] Waiting to acquire shared lock on daemon addresses registry.
2022-06-12T09:58:08.563+0300 [DEBUG] [org.gradle.cache.internal.DefaultFileLockManager] Lock acquired on daemon addresses registry.
2022-06-12T09:58:08.564+0300 [DEBUG] [org.gradle.cache.internal.DefaultFileLockManager] Releasing lock on daemon addresses registry.
2022-06-12T09:58:08.566+0300 [DEBUG] [org.gradle.cache.internal.DefaultFileLockManager] Waiting to acquire shared lock on daemon addresses registry.
2022-06-12T09:58:08.566+0300 [DEBUG] [org.gradle.cache.internal.DefaultFileLockManager] Lock acquired on daemon addresses registry.
2022-06-12T09:58:08.566+0300 [DEBUG] [org.gradle.cache.internal.DefaultFileLockManager] Releasing lock on daemon addresses registry.
2022-06-12T09:58:08.567+0300 [DEBUG] [org.gradle.cache.internal.DefaultFileLockManager] Waiting to acquire shared lock on daemon addresses registry.
2022-06-12T09:58:08.567+0300 [DEBUG] [org.gradle.cache.internal.DefaultFileLockManager] Lock acquired on daemon addresses registry.
2022-06-12T09:58:08.567+0300 [DEBUG] [org.gradle.cache.internal.DefaultFileLockManager] Releasing lock on daemon addresses registry.
2022-06-12T09:58:18.558+0300 [DEBUG] [org.gradle.cache.internal.DefaultFileLockManager] Waiting to acquire shared lock on daemon addresses registry.
2022-06-12T09:58:18.558+0300 [DEBUG] [org.gradle.cache.internal.DefaultFileLockManager] Lock acquired on daemon addresses registry.
2022-06-12T09:58:18.559+0300 [DEBUG] [org.gradle.cache.internal.DefaultFileLockManager] Releasing lock on daemon addresses registry.
2022-06-12T09:58:18.559+0300 [DEBUG] [org.gradle.cache.internal.DefaultFileLockManager] Waiting to acquire shared lock on daemon addresses registry.
2022-06-12T09:58:18.560+0300 [DEBUG] [org.gradle.cache.internal.DefaultFileLockManager] Lock acquired on daemon addresses registry.
2022-06-12T09:58:18.560+0300 [DEBUG] [org.gradle.cache.internal.DefaultFileLockManager] Releasing lock on daemon addresses registry.
2022-06-12T09:58:18.560+0300 [DEBUG] [org.gradle.cache.internal.DefaultFileLockManager] Waiting to acquire shared lock on daemon addresses registry.
2022-06-12T09:58:18.560+0300 [DEBUG] [org.gradle.cache.internal.DefaultFileLockManager] Lock acquired on daemon addresses registry.
2022-06-12T09:58:18.560+0300 [DEBUG] [org.gradle.cache.internal.DefaultFileLockManager] Releasing lock on daemon addresses registry.
2022-06-12T09:58:28.565+0300 [DEBUG] [org.gradle.cache.internal.DefaultFileLockManager] Waiting to acquire shared lock on daemon addresses registry.
2022-06-12T09:58:28.565+0300 [DEBUG] [org.gradle.cache.internal.DefaultFileLockManager] Lock acquired on daemon addresses registry.
2022-06-12T09:58:28.566+0300 [DEBUG] [org.gradle.cache.internal.DefaultFileLockManager] Releasing lock on daemon addresses registry.
2022-06-12T09:58:28.568+0300 [DEBUG] [org.gradle.cache.internal.DefaultFileLockManager] Waiting to acquire shared lock on daemon addresses registry.
2022-06-12T09:58:28.569+0300 [DEBUG] [org.gradle.cache.internal.DefaultFileLockManager] Lock acquired on daemon addresses registry.
2022-06-12T09:58:28.570+0300 [DEBUG] [org.gradle.cache.internal.DefaultFileLockManager] Releasing lock on daemon addresses registry.
2022-06-12T09:58:28.571+0300 [DEBUG] [org.gradle.cache.internal.DefaultFileLockManager] Waiting to acquire shared lock on daemon addresses registry.
2022-06-12T09:58:28.572+0300 [DEBUG] [org.gradle.cache.internal.DefaultFileLockManager] Lock acquired on daemon addresses registry.
2022-06-12T09:58:28.572+0300 [DEBUG] [org.gradle.cache.internal.DefaultFileLockManager] Releasing lock on daemon addresses registry.
2022-06-12T09:58:38.563+0300 [DEBUG] [org.gradle.cache.internal.DefaultFileLockManager] Waiting to acquire shared lock on daemon addresses registry.
2022-06-12T09:58:38.563+0300 [DEBUG] [org.gradle.cache.internal.DefaultFileLockManager] Lock acquired on daemon addresses registry.
2022-06-12T09:58:38.563+0300 [DEBUG] [org.gradle.cache.internal.DefaultFileLockManager] Releasing lock on daemon addresses registry.
2022-06-12T09:58:38.564+0300 [DEBUG] [org.gradle.cache.internal.DefaultFileLockManager] Waiting to acquire shared lock on daemon addresses registry.
2022-06-12T09:58:38.564+0300 [DEBUG] [org.gradle.cache.internal.DefaultFileLockManager] Lock acquired on daemon addresses registry.
2022-06-12T09:58:38.565+0300 [DEBUG] [org.gradle.cache.internal.DefaultFileLockManager] Releasing lock on daemon addresses registry.
2022-06-12T09:58:38.566+0300 [DEBUG] [org.gradle.cache.internal.DefaultFileLockManager] Waiting to acquire shared lock on daemon addresses registry.
2022-06-12T09:58:38.566+0300 [DEBUG] [org.gradle.cache.internal.DefaultFileLockManager] Lock acquired on daemon addresses registry.
2022-06-12T09:58:38.566+0300 [DEBUG] [org.gradle.cache.internal.DefaultFileLockManager] Releasing lock on daemon addresses registry.
2022-06-12T09:58:47.304+0300 [DEBUG] [org.gradle.internal.remote.internal.inet.TcpIncomingConnector] Accepted connection from /127.0.0.1:62444 to /127.0.0.1:61854.
2022-06-12T09:58:47.307+0300 [DEBUG] [org.gradle.launcher.daemon.server.SynchronizedDispatchConnection] thread 230: received class org.gradle.launcher.daemon.protocol.Build
2022-06-12T09:58:47.307+0300 [DEBUG] [org.gradle.launcher.daemon.server.DefaultDaemonConnection] thread 230: Received non-IO message from client: Build{id=d572c3a0-ac2a-4d4a-8d8e-65bc88f6a0ad, currentDir=C:\Users\bancusoft\AndroidStudioProjects\Level_stat}
2022-06-12T09:58:47.308+0300 [INFO] [org.gradle.launcher.daemon.server.DefaultIncomingConnectionHandler] Received command: Build{id=d572c3a0-ac2a-4d4a-8d8e-65bc88f6a0ad, currentDir=C:\Users\bancusoft\AndroidStudioProjects\Level_stat}.
2022-06-12T09:58:47.309+0300 [DEBUG] [org.gradle.launcher.daemon.server.DefaultIncomingConnectionHandler] Starting executing command: Build{id=d572c3a0-ac2a-4d4a-8d8e-65bc88f6a0ad, currentDir=C:\Users\bancusoft\AndroidStudioProjects\Level_stat} with connection: socket connection from /127.0.0.1:61854 to /127.0.0.1:62444.
2022-06-12T09:58:47.309+0300 [DEBUG] [org.gradle.launcher.daemon.server.DaemonStateCoordinator] Command execution: started DaemonCommandExecution[command = Build{id=d572c3a0-ac2a-4d4a-8d8e-65bc88f6a0ad, currentDir=C:\Users\bancusoft\AndroidStudioProjects\Level_stat}, connection = DefaultDaemonConnection: socket connection from /127.0.0.1:61854 to /127.0.0.1:62444] after 5.0 minutes of idle
2022-06-12T09:58:47.309+0300 [INFO] [org.gradle.launcher.daemon.server.DaemonRegistryUpdater] Marking the daemon as busy, address: [18442d5a-a7c3-44e6-8930-c7c54797b98c port:61854, addresses:[localhost/127.0.0.1]]
2022-06-12T09:58:47.309+0300 [DEBUG] [org.gradle.launcher.daemon.registry.PersistentDaemonRegistry] Marking busy by address: [18442d5a-a7c3-44e6-8930-c7c54797b98c port:61854, addresses:[localhost/127.0.0.1]]
2022-06-12T09:58:47.310+0300 [DEBUG] [org.gradle.cache.internal.DefaultFileLockManager] Waiting to acquire exclusive lock on daemon addresses registry.
2022-06-12T09:58:47.310+0300 [DEBUG] [org.gradle.cache.internal.DefaultFileLockManager] Lock acquired on daemon addresses registry.
2022-06-12T09:58:47.312+0300 [DEBUG] [org.gradle.cache.internal.DefaultFileLockManager] Releasing lock on daemon addresses registry.
2022-06-12T09:58:47.312+0300 [DEBUG] [org.gradle.launcher.daemon.server.DaemonStateCoordinator] resetting idle timer
2022-06-12T09:58:47.312+0300 [DEBUG] [org.gradle.launcher.daemon.server.DaemonStateCoordinator] daemon is running. Sleeping until state changes.
2022-06-12T09:58:47.313+0300 [INFO] [org.gradle.launcher.daemon.server.exec.StartBuildOrRespondWithBusy] Daemon is about to start building Build{id=d572c3a0-ac2a-4d4a-8d8e-65bc88f6a0ad, currentDir=C:\Users\bancusoft\AndroidStudioProjects\Level_stat}. Dispatching build started information...
2022-06-12T09:58:47.313+0300 [DEBUG] [org.gradle.launcher.daemon.server.SynchronizedDispatchConnection] thread 232: dispatching org.gradle.launcher.daemon.protocol.BuildStarted@49c6c782
2022-06-12T09:58:47.315+0300 [DEBUG] [org.gradle.launcher.daemon.server.exec.EstablishBuildEnvironment] Configuring env variables: [USERDOMAIN_ROAMINGPROFILE, LOCALAPPDATA, PROCESSOR_LEVEL, USERDOMAIN, LOGONSERVER, FPS_BROWSER_APP_PROFILE_STRING, VS160PROCOMNTOOLS, JAVA_HOME, SESSIONNAME, ALLUSERSPROFILE, PROCESSOR_ARCHITECTURE, __COMPAT_LAYER, PSModulePath, SystemDrive, OneDrive, APPDATA, USERNAME, ProgramFiles(x86), CommonProgramFiles, Path, FPS_BROWSER_USER_PROFILE_STRING, PATHEXT, DriverData, OS, COMPUTERNAME, PROCESSOR_REVISION, CommonProgramW6432, ComSpec, ProgramData, ProgramW6432, TEMP, HOMEPATH, SystemRoot, PROCESSOR_IDENTIFIER, HOMEDRIVE, USERPROFILE, TMP, MYSQLCONNECTOR_ASSEMBLIESPATH, CommonProgramFiles(x86), ProgramFiles, PUBLIC, windir, NUMBER_OF_PROCESSORS, =::, IDEA_INITIAL_DIRECTORY, ZES_ENABLE_SYSMAN]
2022-06-12T09:58:47.315+0300 [DEBUG] [org.gradle.launcher.daemon.server.SynchronizedDispatchConnection] thread 230: received class org.gradle.launcher.daemon.protocol.CloseInput
2022-06-12T09:58:47.315+0300 [DEBUG] [org.gradle.launcher.daemon.server.DefaultDaemonConnection] thread 230: Received IO message from client: org.gradle.launcher.daemon.protocol.CloseInput@6ab8a552
2022-06-12T09:58:47.317+0300 [DEBUG] [org.gradle.launcher.daemon.server.exec.LogToClient] About to start relaying all logs to the client via the connection.
2022-06-12T09:58:47.317+0300 [INFO] [org.gradle.launcher.daemon.server.exec.LogToClient] The client will now receive all logging from the daemon (pid: 1472). The daemon log file: C:\Users\bancusoft\AndroidStudioProjects\Level_stat\daemon\7.3.3\daemon-1472.out.log
2022-06-12T09:58:47.317+0300 [INFO] [org.gradle.launcher.daemon.server.exec.LogAndCheckHealth] Starting 3rd build in daemon [uptime: 5 mins 49.225 secs, performance: 99%]
2022-06-12T09:58:47.318+0300 [DEBUG] [org.gradle.launcher.daemon.server.exec.ExecuteBuild] The daemon has started executing the build.
2022-06-12T09:58:47.318+0300 [DEBUG] [org.gradle.launcher.daemon.server.exec.ExecuteBuild] Executing build with daemon context: DefaultDaemonContext[uid=34b09205-e9d5-4578-8d9c-395cc2d1b055,javaHome=C:\Program Files\Android\Android Studio\jre,daemonRegistryDir=C:\Users\bancusoft\AndroidStudioProjects\Level_stat\daemon,pid=1472,idleTimeout=10800000,priority=NORMAL,daemonOpts=--add-opens,java.base/java.util=ALL-UNNAMED,--add-opens,java.base/java.lang=ALL-UNNAMED,--add-opens,java.base/java.lang.invoke=ALL-UNNAMED,--add-opens,java.base/java.util=ALL-UNNAMED,--add-opens,java.prefs/java.util.prefs=ALL-UNNAMED,--add-opens,java.prefs/java.util.prefs=ALL-UNNAMED,--add-opens,java.base/java.nio.charset=ALL-UNNAMED,--add-opens,java.base/java.net=ALL-UNNAMED,--add-opens,java.base/java.util.concurrent.atomic=ALL-UNNAMED,-Xmx1536m,-Dfile.encoding=windows-1252,-Duser.country=US,-Duser.language=en,-Duser.variant]
2022-06-12T09:58:47.318+0300 [INFO] [org.gradle.launcher.daemon.server.exec.ForwardClientInput] Closing daemon's stdin at end of input.
2022-06-12T09:58:47.318+0300 [INFO] [org.gradle.launcher.daemon.server.exec.ForwardClientInput] The daemon will no longer process any standard input.

BUILD SUCCESSFUL in 40s
33 actionable tasks: 14 executed, 19 up-to-date
2022-06-12T09:59:27.964+0300 [DEBUG] [org.gradle.launcher.daemon.server.exec.ExecuteBuild] The daemon has finished executing the build.
2022-06-12T09:59:27.981+0300 [DEBUG] [org.gradle.launcher.daemon.server.DaemonStateCoordinator] daemon is running. Sleeping until state changes.
2022-06-12T09:59:27.981+0300 [DEBUG] [org.gradle.launcher.daemon.server.DaemonStateCoordinator] Command execution: finished waiting for DaemonCommandExecution[command = Build{id=d572c3a0-ac2a-4d4a-8d8e-65bc88f6a0ad, currentDir=C:\Users\bancusoft\AndroidStudioProjects\Level_stat}, connection = DefaultDaemonConnection: socket connection from /127.0.0.1:61854 to /127.0.0.1:62444]. Result org.gradle.launcher.daemon.server.DaemonStateCoordinator@503c068 with state Busy
2022-06-12T09:59:27.981+0300 [DEBUG] [org.gradle.launcher.daemon.server.DaemonStateCoordinator] Command execution: completed DaemonCommandExecution[command = Build{id=d572c3a0-ac2a-4d4a-8d8e-65bc88f6a0ad, currentDir=C:\Users\bancusoft\AndroidStudioProjects\Level_stat}, connection = DefaultDaemonConnection: socket connection from /127.0.0.1:61854 to /127.0.0.1:62444]
2022-06-12T09:59:27.982+0300 [DEBUG] [org.gradle.launcher.daemon.server.DaemonStateCoordinator] resetting idle timer
2022-06-12T09:59:27.982+0300 [INFO] [org.gradle.launcher.daemon.server.DaemonRegistryUpdater] Marking the daemon as idle, address: [18442d5a-a7c3-44e6-8930-c7c54797b98c port:61854, addresses:[localhost/127.0.0.1]]
2022-06-12T09:59:27.982+0300 [DEBUG] [org.gradle.launcher.daemon.registry.PersistentDaemonRegistry] Marking busy by address: [18442d5a-a7c3-44e6-8930-c7c54797b98c port:61854, addresses:[localhost/127.0.0.1]]
2022-06-12T09:59:27.983+0300 [DEBUG] [org.gradle.cache.internal.DefaultFileLockManager] Waiting to acquire exclusive lock on daemon addresses registry.
2022-06-12T09:59:27.984+0300 [DEBUG] [org.gradle.cache.internal.DefaultFileLockManager] Lock acquired on daemon addresses registry.
2022-06-12T09:59:27.987+0300 [DEBUG] [org.gradle.cache.internal.DefaultFileLockManager] Releasing lock on daemon addresses registry.
2022-06-12T09:59:27.987+0300 [DEBUG] [org.gradle.launcher.daemon.server.exec.ReturnResult] Daemon is dispatching the build result: Success[value=org.gradle.launcher.exec.BuildActionResult@3e30d4ce]
2022-06-12T09:59:27.987+0300 [DEBUG] [org.gradle.launcher.daemon.server.DaemonStateCoordinator] daemon is running. Sleeping until state changes.
2022-06-12T09:59:27.988+0300 [DEBUG] [org.gradle.launcher.daemon.server.SynchronizedDispatchConnection] thread 229: dispatching Success[value=org.gradle.launcher.exec.BuildActionResult@3e30d4ce]
2022-06-12T09:59:27.989+0300 [DEBUG] [org.gradle.launcher.daemon.server.DefaultIncomingConnectionHandler] Finishing executing command: Build{id=d572c3a0-ac2a-4d4a-8d8e-65bc88f6a0ad, currentDir=C:\Users\bancusoft\AndroidStudioProjects\Level_stat}
2022-06-12T09:59:27.989+0300 [DEBUG] [org.gradle.launcher.daemon.server.SynchronizedDispatchConnection] thread 230: received class org.gradle.launcher.daemon.protocol.Finished
2022-06-12T09:59:27.989+0300 [DEBUG] [org.gradle.launcher.daemon.server.DefaultDaemonConnection] thread 230: Received non-IO message from client: org.gradle.launcher.daemon.protocol.Finished@647f4675
2022-06-12T09:59:27.990+0300 [DEBUG] [org.gradle.internal.remote.internal.inet.SocketConnection] Discarding EOFException: java.io.EOFException
2022-06-12T09:59:27.991+0300 [DEBUG] [org.gradle.launcher.daemon.server.SynchronizedDispatchConnection] thread 230: received null
2022-06-12T09:59:27.991+0300 [DEBUG] [org.gradle.launcher.daemon.server.DefaultDaemonConnection] thread 230: Received end-of-input from client.
2022-06-12T09:59:27.990+0300 [DEBUG] [org.gradle.launcher.daemon.server.DefaultIncomingConnectionHandler] Received finished message: org.gradle.launcher.daemon.protocol.Finished@647f4675
2022-06-12T09:59:27.994+0300 [DEBUG] [org.gradle.launcher.daemon.server.SynchronizedDispatchConnection] thread 229: stopping connection
2022-06-12T09:59:27.999+0300 [DEBUG] [org.gradle.launcher.daemon.server.SynchronizedDispatchConnection] thread 229: stopping connection
2022-06-12T09:59:28.271+0300 [DEBUG] [org.gradle.process.internal.health.memory.DefaultMemoryManager] 841958195 memory requested, 492400640 free
2022-06-12T09:59:28.271+0300 [DEBUG] [org.gradle.workers.internal.WorkerDaemonExpiration] Will attempt to release 802 of memory
2022-06-12T09:59:28.272+0300 [DEBUG] [org.gradle.process.internal.health.memory.DefaultMemoryManager] 841958195 memory requested, 0 released, 492400640 free
2022-06-12T09:59:28.555+0300 [DEBUG] [org.gradle.cache.internal.DefaultFileLockManager] Waiting to acquire shared lock on daemon addresses registry.
2022-06-12T09:59:28.555+0300 [DEBUG] [org.gradle.cache.internal.DefaultFileLockManager] Lock acquired on daemon addresses registry.
2022-06-12T09:59:28.555+0300 [DEBUG] [org.gradle.cache.internal.DefaultFileLockManager] Releasing lock on daemon addresses registry.
2022-06-12T09:59:28.556+0300 [DEBUG] [org.gradle.cache.internal.DefaultFileLockManager] Waiting to acquire shared lock on daemon addresses registry.
2022-06-12T09:59:28.557+0300 [DEBUG] [org.gradle.cache.internal.DefaultFileLockManager] Lock acquired on daemon addresses registry.
2022-06-12T09:59:28.557+0300 [DEBUG] [org.gradle.cache.internal.DefaultFileLockManager] Releasing lock on daemon addresses registry.
2022-06-12T09:59:33.269+0300 [DEBUG] [org.gradle.process.internal.health.memory.DefaultMemoryManager] 841958195 memory requested, 557670400 free
2022-06-12T09:59:33.269+0300 [DEBUG] [org.gradle.workers.internal.WorkerDaemonExpiration] Will attempt to release 802 of memory
2022-06-12T09:59:33.269+0300 [DEBUG] [org.gradle.process.internal.health.memory.DefaultMemoryManager] 841958195 memory requested, 0 released, 557670400 free
2022-06-12T09:59:38.258+0300 [DEBUG] [org.gradle.process.internal.health.memory.DefaultMemoryManager] 841958195 memory requested, 519159808 free
2022-06-12T09:59:38.259+0300 [DEBUG] [org.gradle.workers.internal.WorkerDaemonExpiration] Will attempt to release 802 of memory
2022-06-12T09:59:38.259+0300 [DEBUG] [org.gradle.process.internal.health.memory.DefaultMemoryManager] 841958195 memory requested, 0 released, 519159808 free
2022-06-12T09:59:38.556+0300 [DEBUG] [org.gradle.cache.internal.DefaultFileLockManager] Waiting to acquire shared lock on daemon addresses registry.
2022-06-12T09:59:38.557+0300 [DEBUG] [org.gradle.cache.internal.DefaultFileLockManager] Lock acquired on daemon addresses registry.
2022-06-12T09:59:38.557+0300 [DEBUG] [org.gradle.cache.internal.DefaultFileLockManager] Releasing lock on daemon addresses registry.
2022-06-12T09:59:38.558+0300 [DEBUG] [org.gradle.cache.internal.DefaultFileLockManager] Waiting to acquire shared lock on daemon addresses registry.
2022-06-12T09:59:38.558+0300 [DEBUG] [org.gradle.cache.internal.DefaultFileLockManager] Lock acquired on daemon addresses registry.
2022-06-12T09:59:38.559+0300 [DEBUG] [org.gradle.cache.internal.DefaultFileLockManager] Releasing lock on daemon addresses registry.
2022-06-12T09:59:38.559+0300 [DEBUG] [org.gradle.cache.internal.DefaultFileLockManager] Waiting to acquire shared lock on daemon addresses registry.
2022-06-12T09:59:38.559+0300 [DEBUG] [org.gradle.cache.internal.DefaultFileLockManager] Lock acquired on daemon addresses registry.
2022-06-12T09:59:38.560+0300 [DEBUG] [org.gradle.cache.internal.DefaultFileLockManager] Releasing lock on daemon addresses registry.
2022-06-12T09:59:43.262+0300 [DEBUG] [org.gradle.process.internal.health.memory.DefaultMemoryManager] 841958195 memory requested, 526004224 free
2022-06-12T09:59:43.262+0300 [DEBUG] [org.gradle.workers.internal.WorkerDaemonExpiration] Will attempt to release 802 of memory
2022-06-12T09:59:43.262+0300 [DEBUG] [org.gradle.process.internal.health.memory.DefaultMemoryManager] 841958195 memory requested, 0 released, 526004224 free
2022-06-12T09:59:48.269+0300 [DEBUG] [org.gradle.process.internal.health.memory.DefaultMemoryManager] 841958195 memory requested, 525160448 free
2022-06-12T09:59:48.270+0300 [DEBUG] [org.gradle.workers.internal.WorkerDaemonExpiration] Will attempt to release 802 of memory
2022-06-12T09:59:48.270+0300 [DEBUG] [org.gradle.process.internal.health.memory.DefaultMemoryManager] 841958195 memory requested, 0 released, 525160448 free
2022-06-12T09:59:48.568+0300 [DEBUG] [org.gradle.cache.internal.DefaultFileLockManager] Waiting to acquire shared lock on daemon addresses registry.
2022-06-12T09:59:48.568+0300 [DEBUG] [org.gradle.cache.internal.DefaultFileLockManager] Lock acquired on daemon addresses registry.
2022-06-12T09:59:48.568+0300 [DEBUG] [org.gradle.cache.internal.DefaultFileLockManager] Releasing lock on daemon addresses registry.
2022-06-12T09:59:48.569+0300 [DEBUG] [org.gradle.cache.internal.DefaultFileLockManager] Waiting to acquire shared lock on daemon addresses registry.
2022-06-12T09:59:48.569+0300 [DEBUG] [org.gradle.cache.internal.DefaultFileLockManager] Lock acquired on daemon addresses registry.
2022-06-12T09:59:48.569+0300 [DEBUG] [org.gradle.cache.internal.DefaultFileLockManager] Releasing lock on daemon addresses registry.
2022-06-12T09:59:48.570+0300 [DEBUG] [org.gradle.cache.internal.DefaultFileLockManager] Waiting to acquire shared lock on daemon addresses registry.
2022-06-12T09:59:48.570+0300 [DEBUG] [org.gradle.cache.internal.DefaultFileLockManager] Lock acquired on daemon addresses registry.
2022-06-12T09:59:48.570+0300 [DEBUG] [org.gradle.cache.internal.DefaultFileLockManager] Releasing lock on daemon addresses registry.
2022-06-12T09:59:53.264+0300 [DEBUG] [org.gradle.process.internal.health.memory.DefaultMemoryManager] 841958195 memory requested, 526753792 free
2022-06-12T09:59:53.264+0300 [DEBUG] [org.gradle.workers.internal.WorkerDaemonExpiration] Will attempt to release 802 of memory
2022-06-12T09:59:53.264+0300 [DEBUG] [org.gradle.process.internal.health.memory.DefaultMemoryManager] 841958195 memory requested, 0 released, 526753792 free
2022-06-12T09:59:58.261+0300 [DEBUG] [org.gradle.process.internal.health.memory.DefaultMemoryManager] 841958195 memory requested, 521715712 free
2022-06-12T09:59:58.262+0300 [DEBUG] [org.gradle.workers.internal.WorkerDaemonExpiration] Will attempt to release 802 of memory
2022-06-12T09:59:58.262+0300 [DEBUG] [org.gradle.process.internal.health.memory.DefaultMemoryManager] 841958195 memory requested, 0 released, 521715712 free
2022-06-12T09:59:58.561+0300 [DEBUG] [org.gradle.cache.internal.DefaultFileLockManager] Waiting to acquire shared lock on daemon addresses registry.
2022-06-12T09:59:58.562+0300 [DEBUG] [org.gradle.cache.internal.DefaultFileLockManager] Lock acquired on daemon addresses registry.
2022-06-12T09:59:58.563+0300 [DEBUG] [org.gradle.cache.internal.DefaultFileLockManager] Releasing lock on daemon addresses registry.
2022-06-12T09:59:58.564+0300 [DEBUG] [org.gradle.cache.internal.DefaultFileLockManager] Waiting to acquire shared lock on daemon addresses registry.
2022-06-12T09:59:58.564+0300 [DEBUG] [org.gradle.cache.internal.DefaultFileLockManager] Lock acquired on daemon addresses registry.
2022-06-12T09:59:58.564+0300 [DEBUG] [org.gradle.cache.internal.DefaultFileLockManager] Releasing lock on daemon addresses registry.
2022-06-12T09:59:58.565+0300 [DEBUG] [org.gradle.cache.internal.DefaultFileLockManager] Waiting to acquire shared lock on daemon addresses registry.
2022-06-12T09:59:58.565+0300 [DEBUG] [org.gradle.cache.internal.DefaultFileLockManager] Lock acquired on daemon addresses registry.
2022-06-12T09:59:58.565+0300 [DEBUG] [org.gradle.cache.internal.DefaultFileLockManager] Releasing lock on daemon addresses registry.
2022-06-12T10:00:03.259+0300 [DEBUG] [org.gradle.process.internal.health.memory.DefaultMemoryManager] 841958195 memory requested, 515330048 free
2022-06-12T10:00:03.259+0300 [DEBUG] [org.gradle.workers.internal.WorkerDaemonExpiration] Will attempt to release 802 of memory
2022-06-12T10:00:03.259+0300 [DEBUG] [org.gradle.process.internal.health.memory.DefaultMemoryManager] 841958195 memory requested, 0 released, 515330048 free
2022-06-12T10:00:04.495+0300 [DEBUG] [org.gradle.internal.remote.internal.inet.TcpIncomingConnector] Accepted connection from /127.0.0.1:62567 to /127.0.0.1:61854.
2022-06-12T10:00:04.498+0300 [DEBUG] [org.gradle.launcher.daemon.server.SynchronizedDispatchConnection] thread 375: received class org.gradle.launcher.daemon.protocol.Build
2022-06-12T10:00:04.498+0300 [DEBUG] [org.gradle.launcher.daemon.server.DefaultDaemonConnection] thread 375: Received non-IO message from client: Build{id=315f27a6-d466-408b-90b9-8ed9c15a6d9f, currentDir=C:\Users\bancusoft\AndroidStudioProjects\Level_stat}
2022-06-12T10:00:04.498+0300 [INFO] [org.gradle.launcher.daemon.server.DefaultIncomingConnectionHandler] Received command: Build{id=315f27a6-d466-408b-90b9-8ed9c15a6d9f, currentDir=C:\Users\bancusoft\AndroidStudioProjects\Level_stat}.
2022-06-12T10:00:04.498+0300 [DEBUG] [org.gradle.launcher.daemon.server.DefaultIncomingConnectionHandler] Starting executing command: Build{id=315f27a6-d466-408b-90b9-8ed9c15a6d9f, currentDir=C:\Users\bancusoft\AndroidStudioProjects\Level_stat} with connection: socket connection from /127.0.0.1:61854 to /127.0.0.1:62567.
2022-06-12T10:00:04.499+0300 [DEBUG] [org.gradle.launcher.daemon.server.DaemonStateCoordinator] Command execution: started DaemonCommandExecution[command = Build{id=315f27a6-d466-408b-90b9-8ed9c15a6d9f, currentDir=C:\Users\bancusoft\AndroidStudioProjects\Level_stat}, connection = DefaultDaemonConnection: socket connection from /127.0.0.1:61854 to /127.0.0.1:62567] after 0.0 minutes of idle
2022-06-12T10:00:04.499+0300 [INFO] [org.gradle.launcher.daemon.server.DaemonRegistryUpdater] Marking the daemon as busy, address: [18442d5a-a7c3-44e6-8930-c7c54797b98c port:61854, addresses:[localhost/127.0.0.1]]
2022-06-12T10:00:04.499+0300 [DEBUG] [org.gradle.launcher.daemon.registry.PersistentDaemonRegistry] Marking busy by address: [18442d5a-a7c3-44e6-8930-c7c54797b98c port:61854, addresses:[localhost/127.0.0.1]]
2022-06-12T10:00:04.500+0300 [DEBUG] [org.gradle.cache.internal.DefaultFileLockManager] Waiting to acquire exclusive lock on daemon addresses registry.
2022-06-12T10:00:04.501+0300 [DEBUG] [org.gradle.cache.internal.DefaultFileLockManager] Lock acquired on daemon addresses registry.
2022-06-12T10:00:04.502+0300 [DEBUG] [org.gradle.cache.internal.DefaultFileLockManager] Releasing lock on daemon addresses registry.
2022-06-12T10:00:04.503+0300 [DEBUG] [org.gradle.launcher.daemon.server.DaemonStateCoordinator] resetting idle timer
2022-06-12T10:00:04.503+0300 [DEBUG] [org.gradle.launcher.daemon.server.DaemonStateCoordinator] daemon is running. Sleeping until state changes.
2022-06-12T10:00:04.503+0300 [INFO] [org.gradle.launcher.daemon.server.exec.StartBuildOrRespondWithBusy] Daemon is about to start building Build{id=315f27a6-d466-408b-90b9-8ed9c15a6d9f, currentDir=C:\Users\bancusoft\AndroidStudioProjects\Level_stat}. Dispatching build started information...
2022-06-12T10:00:04.503+0300 [DEBUG] [org.gradle.launcher.daemon.server.SynchronizedDispatchConnection] thread 232: dispatching org.gradle.launcher.daemon.protocol.BuildStarted@66394f7d
2022-06-12T10:00:04.504+0300 [DEBUG] [org.gradle.launcher.daemon.server.exec.EstablishBuildEnvironment] Configuring env variables: [USERDOMAIN_ROAMINGPROFILE, LOCALAPPDATA, PROCESSOR_LEVEL, USERDOMAIN, LOGONSERVER, FPS_BROWSER_APP_PROFILE_STRING, VS160PROCOMNTOOLS, JAVA_HOME, SESSIONNAME, ALLUSERSPROFILE, PROCESSOR_ARCHITECTURE, __COMPAT_LAYER, PSModulePath, SystemDrive, OneDrive, APPDATA, USERNAME, ProgramFiles(x86), CommonProgramFiles, Path, FPS_BROWSER_USER_PROFILE_STRING, PATHEXT, DriverData, OS, COMPUTERNAME, PROCESSOR_REVISION, CommonProgramW6432, ComSpec, ProgramData, ProgramW6432, TEMP, HOMEPATH, SystemRoot, PROCESSOR_IDENTIFIER, HOMEDRIVE, USERPROFILE, TMP, MYSQLCONNECTOR_ASSEMBLIESPATH, CommonProgramFiles(x86), ProgramFiles, PUBLIC, windir, NUMBER_OF_PROCESSORS, =::, IDEA_INITIAL_DIRECTORY, ZES_ENABLE_SYSMAN]
2022-06-12T10:00:04.504+0300 [DEBUG] [org.gradle.launcher.daemon.server.SynchronizedDispatchConnection] thread 375: received class org.gradle.launcher.daemon.protocol.CloseInput
2022-06-12T10:00:04.505+0300 [DEBUG] [org.gradle.launcher.daemon.server.DefaultDaemonConnection] thread 375: Received IO message from client: org.gradle.launcher.daemon.protocol.CloseInput@364ec05c
2022-06-12T10:00:04.506+0300 [DEBUG] [org.gradle.launcher.daemon.server.exec.LogToClient] About to start relaying all logs to the client via the connection.
2022-06-12T10:00:04.506+0300 [INFO] [org.gradle.launcher.daemon.server.exec.LogToClient] The client will now receive all logging from the daemon (pid: 1472). The daemon log file: C:\Users\bancusoft\AndroidStudioProjects\Level_stat\daemon\7.3.3\daemon-1472.out.log
2022-06-12T10:00:04.506+0300 [INFO] [org.gradle.launcher.daemon.server.exec.LogAndCheckHealth] Starting 4th build in daemon [uptime: 7 mins 6.415 secs, performance: 98%]
2022-06-12T10:00:04.507+0300 [DEBUG] [org.gradle.launcher.daemon.server.exec.ExecuteBuild] The daemon has started executing the build.
2022-06-12T10:00:04.507+0300 [INFO] [org.gradle.launcher.daemon.server.exec.ForwardClientInput] Closing daemon's stdin at end of input.
2022-06-12T10:00:04.507+0300 [DEBUG] [org.gradle.launcher.daemon.server.exec.ExecuteBuild] Executing build with daemon context: DefaultDaemonContext[uid=34b09205-e9d5-4578-8d9c-395cc2d1b055,javaHome=C:\Program Files\Android\Android Studio\jre,daemonRegistryDir=C:\Users\bancusoft\AndroidStudioProjects\Level_stat\daemon,pid=1472,idleTimeout=10800000,priority=NORMAL,daemonOpts=--add-opens,java.base/java.util=ALL-UNNAMED,--add-opens,java.base/java.lang=ALL-UNNAMED,--add-opens,java.base/java.lang.invoke=ALL-UNNAMED,--add-opens,java.base/java.util=ALL-UNNAMED,--add-opens,java.prefs/java.util.prefs=ALL-UNNAMED,--add-opens,java.prefs/java.util.prefs=ALL-UNNAMED,--add-opens,java.base/java.nio.charset=ALL-UNNAMED,--add-opens,java.base/java.net=ALL-UNNAMED,--add-opens,java.base/java.util.concurrent.atomic=ALL-UNNAMED,-Xmx1536m,-Dfile.encoding=windows-1252,-Duser.country=US,-Duser.language=en,-Duser.variant]
2022-06-12T10:00:04.507+0300 [INFO] [org.gradle.launcher.daemon.server.exec.ForwardClientInput] The daemon will no longer process any standard input.

BUILD SUCCESSFUL in 5s
33 actionable tasks: 33 up-to-date
2022-06-12T10:00:09.770+0300 [DEBUG] [org.gradle.launcher.daemon.server.exec.ExecuteBuild] The daemon has finished executing the build.
2022-06-12T10:00:09.788+0300 [DEBUG] [org.gradle.launcher.daemon.server.DaemonStateCoordinator] daemon is running. Sleeping until state changes.
2022-06-12T10:00:09.788+0300 [DEBUG] [org.gradle.launcher.daemon.server.DaemonStateCoordinator] Command execution: finished waiting for DaemonCommandExecution[command = Build{id=315f27a6-d466-408b-90b9-8ed9c15a6d9f, currentDir=C:\Users\bancusoft\AndroidStudioProjects\Level_stat}, connection = DefaultDaemonConnection: socket connection from /127.0.0.1:61854 to /127.0.0.1:62567]. Result org.gradle.launcher.daemon.server.DaemonStateCoordinator@503c068 with state Busy
2022-06-12T10:00:09.788+0300 [DEBUG] [org.gradle.launcher.daemon.server.DaemonStateCoordinator] Command execution: completed DaemonCommandExecution[command = Build{id=315f27a6-d466-408b-90b9-8ed9c15a6d9f, currentDir=C:\Users\bancusoft\AndroidStudioProjects\Level_stat}, connection = DefaultDaemonConnection: socket connection from /127.0.0.1:61854 to /127.0.0.1:62567]
2022-06-12T10:00:09.788+0300 [DEBUG] [org.gradle.launcher.daemon.server.DaemonStateCoordinator] resetting idle timer
2022-06-12T10:00:09.788+0300 [INFO] [org.gradle.launcher.daemon.server.DaemonRegistryUpdater] Marking the daemon as idle, address: [18442d5a-a7c3-44e6-8930-c7c54797b98c port:61854, addresses:[localhost/127.0.0.1]]
2022-06-12T10:00:09.788+0300 [DEBUG] [org.gradle.launcher.daemon.registry.PersistentDaemonRegistry] Marking busy by address: [18442d5a-a7c3-44e6-8930-c7c54797b98c port:61854, addresses:[localhost/127.0.0.1]]
2022-06-12T10:00:09.789+0300 [DEBUG] [org.gradle.cache.internal.DefaultFileLockManager] Waiting to acquire exclusive lock on daemon addresses registry.
2022-06-12T10:00:09.789+0300 [DEBUG] [org.gradle.cache.internal.DefaultFileLockManager] Lock acquired on daemon addresses registry.
2022-06-12T10:00:09.790+0300 [DEBUG] [org.gradle.cache.internal.DefaultFileLockManager] Releasing lock on daemon addresses registry.
2022-06-12T10:00:09.791+0300 [DEBUG] [org.gradle.launcher.daemon.server.DaemonStateCoordinator] daemon is running. Sleeping until state changes.
2022-06-12T10:00:09.791+0300 [DEBUG] [org.gradle.launcher.daemon.server.exec.ReturnResult] Daemon is dispatching the build result: Success[value=org.gradle.launcher.exec.BuildActionResult@6e63fc83]
2022-06-12T10:00:09.791+0300 [DEBUG] [org.gradle.launcher.daemon.server.SynchronizedDispatchConnection] thread 229: dispatching Success[value=org.gradle.launcher.exec.BuildActionResult@6e63fc83]
2022-06-12T10:00:09.791+0300 [DEBUG] [org.gradle.launcher.daemon.server.DefaultIncomingConnectionHandler] Finishing executing command: Build{id=315f27a6-d466-408b-90b9-8ed9c15a6d9f, currentDir=C:\Users\bancusoft\AndroidStudioProjects\Level_stat}
2022-06-12T10:00:09.792+0300 [DEBUG] [org.gradle.launcher.daemon.server.SynchronizedDispatchConnection] thread 375: received class org.gradle.launcher.daemon.protocol.Finished
2022-06-12T10:00:09.792+0300 [DEBUG] [org.gradle.launcher.daemon.server.DefaultDaemonConnection] thread 375: Received non-IO message from client: org.gradle.launcher.daemon.protocol.Finished@388938e5
2022-06-12T10:00:09.792+0300 [DEBUG] [org.gradle.launcher.daemon.server.DefaultIncomingConnectionHandler] Received finished message: org.gradle.launcher.daemon.protocol.Finished@388938e5
2022-06-12T10:00:09.792+0300 [DEBUG] [org.gradle.launcher.daemon.server.SynchronizedDispatchConnection] thread 229: stopping connection
2022-06-12T10:00:09.792+0300 [DEBUG] [org.gradle.internal.remote.internal.inet.SocketConnection] Discarding EOFException: java.io.EOFException
2022-06-12T10:00:09.793+0300 [DEBUG] [org.gradle.launcher.daemon.server.SynchronizedDispatchConnection] thread 375: received null
2022-06-12T10:00:09.793+0300 [DEBUG] [org.gradle.launcher.daemon.server.DefaultDaemonConnection] thread 375: Received end-of-input from client.
2022-06-12T10:00:09.793+0300 [DEBUG] [org.gradle.launcher.daemon.server.SynchronizedDispatchConnection] thread 229: stopping connection
2022-06-12T10:00:13.261+0300 [DEBUG] [org.gradle.process.internal.health.memory.DefaultMemoryManager] 841958195 memory requested, 540303360 free
2022-06-12T10:00:13.262+0300 [DEBUG] [org.gradle.workers.internal.WorkerDaemonExpiration] Will attempt to release 802 of memory
2022-06-12T10:00:13.262+0300 [DEBUG] [org.gradle.process.internal.health.memory.DefaultMemoryManager] 841958195 memory requested, 0 released, 540303360 free
2022-06-12T10:00:18.266+0300 [DEBUG] [org.gradle.process.internal.health.memory.DefaultMemoryManager] 841958195 memory requested, 498679808 free
2022-06-12T10:00:18.266+0300 [DEBUG] [org.gradle.workers.internal.WorkerDaemonExpiration] Will attempt to release 802 of memory
2022-06-12T10:00:18.266+0300 [DEBUG] [org.gradle.process.internal.health.memory.DefaultMemoryManager] 841958195 memory requested, 0 released, 498679808 free
2022-06-12T10:00:18.562+0300 [DEBUG] [org.gradle.cache.internal.DefaultFileLockManager] Waiting to acquire shared lock on daemon addresses registry.
2022-06-12T10:00:18.563+0300 [DEBUG] [org.gradle.cache.internal.DefaultFileLockManager] Lock acquired on daemon addresses registry.
2022-06-12T10:00:18.565+0300 [DEBUG] [org.gradle.cache.internal.DefaultFileLockManager] Releasing lock on daemon addresses registry.
2022-06-12T10:00:18.568+0300 [DEBUG] [org.gradle.cache.internal.DefaultFileLockManager] Waiting to acquire shared lock on daemon addresses registry.
2022-06-12T10:00:18.568+0300 [DEBUG] [org.gradle.cache.internal.DefaultFileLockManager] Lock acquired on daemon addresses registry.
2022-06-12T10:00:18.569+0300 [DEBUG] [org.gradle.cache.internal.DefaultFileLockManager] Releasing lock on daemon addresses registry.
2022-06-12T10:00:23.266+0300 [DEBUG] [org.gradle.process.internal.health.memory.DefaultMemoryManager] 841958195 memory requested, 494993408 free
2022-06-12T10:00:23.266+0300 [DEBUG] [org.gradle.workers.internal.WorkerDaemonExpiration] Will attempt to release 802 of memory
2022-06-12T10:00:23.266+0300 [DEBUG] [org.gradle.process.internal.health.memory.DefaultMemoryManager] 841958195 memory requested, 0 released, 494993408 free
2022-06-12T10:00:28.261+0300 [DEBUG] [org.gradle.process.internal.health.memory.DefaultMemoryManager] 841958195 memory requested, 500805632 free
2022-06-12T10:00:28.261+0300 [DEBUG] [org.gradle.workers.internal.WorkerDaemonExpiration] Will attempt to release 802 of memory
2022-06-12T10:00:28.261+0300 [DEBUG] [org.gradle.process.internal.health.memory.DefaultMemoryManager] 841958195 memory requested, 0 released, 500805632 free
2022-06-12T10:00:28.557+0300 [DEBUG] [org.gradle.cache.internal.DefaultFileLockManager] Waiting to acquire shared lock on daemon addresses registry.
2022-06-12T10:00:28.557+0300 [DEBUG] [org.gradle.cache.internal.DefaultFileLockManager] Lock acquired on daemon addresses registry.
2022-06-12T10:00:28.557+0300 [DEBUG] [org.gradle.cache.internal.DefaultFileLockManager] Releasing lock on daemon addresses registry.
2022-06-12T10:00:28.558+0300 [DEBUG] [org.gradle.cache.internal.DefaultFileLockManager] Waiting to acquire shared lock on daemon addresses registry.
2022-06-12T10:00:28.559+0300 [DEBUG] [org.gradle.cache.internal.DefaultFileLockManager] Lock acquired on daemon addresses registry.
2022-06-12T10:00:28.559+0300 [DEBUG] [org.gradle.cache.internal.DefaultFileLockManager] Releasing lock on daemon addresses registry.
2022-06-12T10:00:28.560+0300 [DEBUG] [org.gradle.cache.internal.DefaultFileLockManager] Waiting to acquire shared lock on daemon addresses registry.
2022-06-12T10:00:28.560+0300 [DEBUG] [org.gradle.cache.internal.DefaultFileLockManager] Lock acquired on daemon addresses registry.
2022-06-12T10:00:28.560+0300 [DEBUG] [org.gradle.cache.internal.DefaultFileLockManager] Releasing lock on daemon addresses registry.
2022-06-12T10:00:33.259+0300 [DEBUG] [org.gradle.process.internal.health.memory.DefaultMemoryManager] 841958195 memory requested, 539594752 free
2022-06-12T10:00:33.259+0300 [DEBUG] [org.gradle.workers.internal.WorkerDaemonExpiration] Will attempt to release 802 of memory
2022-06-12T10:00:33.260+0300 [DEBUG] [org.gradle.process.internal.health.memory.DefaultMemoryManager] 841958195 memory requested, 0 released, 539594752 free
2022-06-12T10:00:38.270+0300 [DEBUG] [org.gradle.process.internal.health.memory.DefaultMemoryManager] 841958195 memory requested, 568590336 free
2022-06-12T10:00:38.270+0300 [DEBUG] [org.gradle.workers.internal.WorkerDaemonExpiration] Will attempt to release 802 of memory
2022-06-12T10:00:38.270+0300 [DEBUG] [org.gradle.process.internal.health.memory.DefaultMemoryManager] 841958195 memory requested, 0 released, 568590336 free
2022-06-12T10:00:38.563+0300 [DEBUG] [org.gradle.cache.internal.DefaultFileLockManager] Waiting to acquire shared lock on daemon addresses registry.
2022-06-12T10:00:38.563+0300 [DEBUG] [org.gradle.cache.internal.DefaultFileLockManager] Lock acquired on daemon addresses registry.
2022-06-12T10:00:38.564+0300 [DEBUG] [org.gradle.cache.internal.DefaultFileLockManager] Releasing lock on daemon addresses registry.
2022-06-12T10:00:38.564+0300 [DEBUG] [org.gradle.cache.internal.DefaultFileLockManager] Waiting to acquire shared lock on daemon addresses registry.
2022-06-12T10:00:38.564+0300 [DEBUG] [org.gradle.cache.internal.DefaultFileLockManager] Lock acquired on daemon addresses registry.
2022-06-12T10:00:38.564+0300 [DEBUG] [org.gradle.cache.internal.DefaultFileLockManager] Releasing lock on daemon addresses registry.
2022-06-12T10:00:38.565+0300 [DEBUG] [org.gradle.cache.internal.DefaultFileLockManager] Waiting to acquire shared lock on daemon addresses registry.
2022-06-12T10:00:38.565+0300 [DEBUG] [org.gradle.cache.internal.DefaultFileLockManager] Lock acquired on daemon addresses registry.
2022-06-12T10:00:38.565+0300 [DEBUG] [org.gradle.cache.internal.DefaultFileLockManager] Releasing lock on daemon addresses registry.
2022-06-12T10:00:43.254+0300 [DEBUG] [org.gradle.process.internal.health.memory.DefaultMemoryManager] 841958195 memory requested, 552697856 free
2022-06-12T10:00:43.254+0300 [DEBUG] [org.gradle.workers.internal.WorkerDaemonExpiration] Will attempt to release 802 of memory
2022-06-12T10:00:43.254+0300 [DEBUG] [org.gradle.process.internal.health.memory.DefaultMemoryManager] 841958195 memory requested, 0 released, 552697856 free
2022-06-12T10:00:48.255+0300 [DEBUG] [org.gradle.process.internal.health.memory.DefaultMemoryManager] 841958195 memory requested, 547676160 free
2022-06-12T10:00:48.255+0300 [DEBUG] [org.gradle.workers.internal.WorkerDaemonExpiration] Will attempt to release 802 of memory
2022-06-12T10:00:48.255+0300 [DEBUG] [org.gradle.process.internal.health.memory.DefaultMemoryManager] 841958195 memory requested, 0 released, 547676160 free
2022-06-12T10:00:48.565+0300 [DEBUG] [org.gradle.cache.internal.DefaultFileLockManager] Waiting to acquire shared lock on daemon addresses registry.
2022-06-12T10:00:48.566+0300 [DEBUG] [org.gradle.cache.internal.DefaultFileLockManager] Lock acquired on daemon addresses registry.
2022-06-12T10:00:48.566+0300 [DEBUG] [org.gradle.cache.internal.DefaultFileLockManager] Releasing lock on daemon addresses registry.
2022-06-12T10:00:48.566+0300 [DEBUG] [org.gradle.cache.internal.DefaultFileLockManager] Waiting to acquire shared lock on daemon addresses registry.
2022-06-12T10:00:48.566+0300 [DEBUG] [org.gradle.cache.internal.DefaultFileLockManager] Lock acquired on daemon addresses registry.
2022-06-12T10:00:48.567+0300 [DEBUG] [org.gradle.cache.internal.DefaultFileLockManager] Releasing lock on daemon addresses registry.
2022-06-12T10:00:48.567+0300 [DEBUG] [org.gradle.cache.internal.DefaultFileLockManager] Waiting to acquire shared lock on daemon addresses registry.
2022-06-12T10:00:48.567+0300 [DEBUG] [org.gradle.cache.internal.DefaultFileLockManager] Lock acquired on daemon addresses registry.
2022-06-12T10:00:48.567+0300 [DEBUG] [org.gradle.cache.internal.DefaultFileLockManager] Releasing lock on daemon addresses registry.
2022-06-12T10:00:53.265+0300 [DEBUG] [org.gradle.process.internal.health.memory.DefaultMemoryManager] 841958195 memory requested, 628920320 free
2022-06-12T10:00:53.265+0300 [DEBUG] [org.gradle.workers.internal.WorkerDaemonExpiration] Will attempt to release 802 of memory
2022-06-12T10:00:53.265+0300 [DEBUG] [org.gradle.process.internal.health.memory.DefaultMemoryManager] 841958195 memory requested, 0 released, 628920320 free
2022-06-12T10:00:58.260+0300 [DEBUG] [org.gradle.process.internal.health.memory.DefaultMemoryManager] 841958195 memory requested, 659185664 free
2022-06-12T10:00:58.260+0300 [DEBUG] [org.gradle.workers.internal.WorkerDaemonExpiration] Will attempt to release 802 of memory
2022-06-12T10:00:58.260+0300 [DEBUG] [org.gradle.process.internal.health.memory.DefaultMemoryManager] 841958195 memory requested, 0 released, 659185664 free
2022-06-12T10:00:58.556+0300 [DEBUG] [org.gradle.cache.internal.DefaultFileLockManager] Waiting to acquire shared lock on daemon addresses registry.
2022-06-12T10:00:58.557+0300 [DEBUG] [org.gradle.cache.internal.DefaultFileLockManager] Lock acquired on daemon addresses registry.
2022-06-12T10:00:58.558+0300 [DEBUG] [org.gradle.cache.internal.DefaultFileLockManager] Releasing lock on daemon addresses registry.
2022-06-12T10:00:58.560+0300 [DEBUG] [org.gradle.cache.internal.DefaultFileLockManager] Waiting to acquire shared lock on daemon addresses registry.
2022-06-12T10:00:58.560+0300 [DEBUG] [org.gradle.cache.internal.DefaultFileLockManager] Lock acquired on daemon addresses registry.
2022-06-12T10:00:58.560+0300 [DEBUG] [org.gradle.cache.internal.DefaultFileLockManager] Releasing lock on daemon addresses registry.
2022-06-12T10:00:58.562+0300 [DEBUG] [org.gradle.cache.internal.DefaultFileLockManager] Waiting to acquire shared lock on daemon addresses registry.
2022-06-12T10:00:58.562+0300 [DEBUG] [org.gradle.cache.internal.DefaultFileLockManager] Lock acquired on daemon addresses registry.
2022-06-12T10:00:58.563+0300 [DEBUG] [org.gradle.cache.internal.DefaultFileLockManager] Releasing lock on daemon addresses registry.
2022-06-12T10:01:03.268+0300 [DEBUG] [org.gradle.process.internal.health.memory.DefaultMemoryManager] 841958195 memory requested, 657670144 free
2022-06-12T10:01:03.269+0300 [DEBUG] [org.gradle.workers.internal.WorkerDaemonExpiration] Will attempt to release 802 of memory
2022-06-12T10:01:03.269+0300 [DEBUG] [org.gradle.process.internal.health.memory.DefaultMemoryManager] 841958195 memory requested, 0 released, 657670144 free
2022-06-12T10:01:08.256+0300 [DEBUG] [org.gradle.process.internal.health.memory.DefaultMemoryManager] 841958195 memory requested, 651440128 free
2022-06-12T10:01:08.256+0300 [DEBUG] [org.gradle.workers.internal.WorkerDaemonExpiration] Will attempt to release 802 of memory
2022-06-12T10:01:08.256+0300 [DEBUG] [org.gradle.process.internal.health.memory.DefaultMemoryManager] 841958195 memory requested, 0 released, 651440128 free
2022-06-12T10:01:08.562+0300 [DEBUG] [org.gradle.cache.internal.DefaultFileLockManager] Waiting to acquire shared lock on daemon addresses registry.
2022-06-12T10:01:08.562+0300 [DEBUG] [org.gradle.cache.internal.DefaultFileLockManager] Lock acquired on daemon addresses registry.
2022-06-12T10:01:08.563+0300 [DEBUG] [org.gradle.cache.internal.DefaultFileLockManager] Releasing lock on daemon addresses registry.
2022-06-12T10:01:08.563+0300 [DEBUG] [org.gradle.cache.internal.DefaultFileLockManager] Waiting to acquire shared lock on daemon addresses registry.
2022-06-12T10:01:08.563+0300 [DEBUG] [org.gradle.cache.internal.DefaultFileLockManager] Lock acquired on daemon addresses registry.
2022-06-12T10:01:08.563+0300 [DEBUG] [org.gradle.cache.internal.DefaultFileLockManager] Releasing lock on daemon addresses registry.
2022-06-12T10:01:08.564+0300 [DEBUG] [org.gradle.cache.internal.DefaultFileLockManager] Waiting to acquire shared lock on daemon addresses registry.
2022-06-12T10:01:08.564+0300 [DEBUG] [org.gradle.cache.internal.DefaultFileLockManager] Lock acquired on daemon addresses registry.
2022-06-12T10:01:08.564+0300 [DEBUG] [org.gradle.cache.internal.DefaultFileLockManager] Releasing lock on daemon addresses registry.
2022-06-12T10:01:18.561+0300 [DEBUG] [org.gradle.cache.internal.DefaultFileLockManager] Waiting to acquire shared lock on daemon addresses registry.
2022-06-12T10:01:18.562+0300 [DEBUG] [org.gradle.cache.internal.DefaultFileLockManager] Lock acquired on daemon addresses registry.
2022-06-12T10:01:18.563+0300 [DEBUG] [org.gradle.cache.internal.DefaultFileLockManager] Releasing lock on daemon addresses registry.
2022-06-12T10:01:18.565+0300 [DEBUG] [org.gradle.cache.internal.DefaultFileLockManager] Waiting to acquire shared lock on daemon addresses registry.
2022-06-12T10:01:18.565+0300 [DEBUG] [org.gradle.cache.internal.DefaultFileLockManager] Lock acquired on daemon addresses registry.
2022-06-12T10:01:18.566+0300 [DEBUG] [org.gradle.cache.internal.DefaultFileLockManager] Releasing lock on daemon addresses registry.
2022-06-12T10:01:18.569+0300 [DEBUG] [org.gradle.cache.internal.DefaultFileLockManager] Waiting to acquire shared lock on daemon addresses registry.
2022-06-12T10:01:18.569+0300 [DEBUG] [org.gradle.cache.internal.DefaultFileLockManager] Lock acquired on daemon addresses registry.
2022-06-12T10:01:18.570+0300 [DEBUG] [org.gradle.cache.internal.DefaultFileLockManager] Releasing lock on daemon addresses registry.
2022-06-12T10:01:28.569+0300 [DEBUG] [org.gradle.cache.internal.DefaultFileLockManager] Waiting to acquire shared lock on daemon addresses registry.
2022-06-12T10:01:28.570+0300 [DEBUG] [org.gradle.cache.internal.DefaultFileLockManager] Lock acquired on daemon addresses registry.
2022-06-12T10:01:28.570+0300 [DEBUG] [org.gradle.cache.internal.DefaultFileLockManager] Releasing lock on daemon addresses registry.
2022-06-12T10:01:28.572+0300 [DEBUG] [org.gradle.cache.internal.DefaultFileLockManager] Waiting to acquire shared lock on daemon addresses registry.
2022-06-12T10:01:28.572+0300 [DEBUG] [org.gradle.cache.internal.DefaultFileLockManager] Lock acquired on daemon addresses registry.
2022-06-12T10:01:28.573+0300 [DEBUG] [org.gradle.cache.internal.DefaultFileLockManager] Releasing lock on daemon addresses registry.
2022-06-12T10:01:28.574+0300 [DEBUG] [org.gradle.cache.internal.DefaultFileLockManager] Waiting to acquire shared lock on daemon addresses registry.
2022-06-12T10:01:28.574+0300 [DEBUG] [org.gradle.cache.internal.DefaultFileLockManager] Lock acquired on daemon addresses registry.
2022-06-12T10:01:28.575+0300 [DEBUG] [org.gradle.cache.internal.DefaultFileLockManager] Releasing lock on daemon addresses registry.
2022-06-12T10:01:34.180+0300 [DEBUG] [org.gradle.internal.remote.internal.inet.TcpIncomingConnector] Accepted connection from /127.0.0.1:62694 to /127.0.0.1:61854.
2022-06-12T10:01:34.184+0300 [DEBUG] [org.gradle.launcher.daemon.server.SynchronizedDispatchConnection] thread 478: received class org.gradle.launcher.daemon.protocol.Build
2022-06-12T10:01:34.184+0300 [DEBUG] [org.gradle.launcher.daemon.server.DefaultDaemonConnection] thread 478: Received non-IO message from client: Build{id=4b806e71-8289-430c-aeac-d7fd58835c0f, currentDir=C:\Users\bancusoft\AndroidStudioProjects\Level_stat}
2022-06-12T10:01:34.185+0300 [INFO] [org.gradle.launcher.daemon.server.DefaultIncomingConnectionHandler] Received command: Build{id=4b806e71-8289-430c-aeac-d7fd58835c0f, currentDir=C:\Users\bancusoft\AndroidStudioProjects\Level_stat}.
2022-06-12T10:01:34.185+0300 [DEBUG] [org.gradle.launcher.daemon.server.DefaultIncomingConnectionHandler] Starting executing command: Build{id=4b806e71-8289-430c-aeac-d7fd58835c0f, currentDir=C:\Users\bancusoft\AndroidStudioProjects\Level_stat} with connection: socket connection from /127.0.0.1:61854 to /127.0.0.1:62694.
2022-06-12T10:01:34.185+0300 [DEBUG] [org.gradle.launcher.daemon.server.DaemonStateCoordinator] Command execution: started DaemonCommandExecution[command = Build{id=4b806e71-8289-430c-aeac-d7fd58835c0f, currentDir=C:\Users\bancusoft\AndroidStudioProjects\Level_stat}, connection = DefaultDaemonConnection: socket connection from /127.0.0.1:61854 to /127.0.0.1:62694] after 1.0 minutes of idle
2022-06-12T10:01:34.185+0300 [INFO] [org.gradle.launcher.daemon.server.DaemonRegistryUpdater] Marking the daemon as busy, address: [18442d5a-a7c3-44e6-8930-c7c54797b98c port:61854, addresses:[localhost/127.0.0.1]]
2022-06-12T10:01:34.185+0300 [DEBUG] [org.gradle.launcher.daemon.registry.PersistentDaemonRegistry] Marking busy by address: [18442d5a-a7c3-44e6-8930-c7c54797b98c port:61854, addresses:[localhost/127.0.0.1]]
2022-06-12T10:01:34.186+0300 [DEBUG] [org.gradle.cache.internal.DefaultFileLockManager] Waiting to acquire exclusive lock on daemon addresses registry.
2022-06-12T10:01:34.186+0300 [DEBUG] [org.gradle.cache.internal.DefaultFileLockManager] Lock acquired on daemon addresses registry.
2022-06-12T10:01:34.187+0300 [DEBUG] [org.gradle.cache.internal.DefaultFileLockManager] Releasing lock on daemon addresses registry.
2022-06-12T10:01:34.187+0300 [DEBUG] [org.gradle.launcher.daemon.server.DaemonStateCoordinator] resetting idle timer
2022-06-12T10:01:34.187+0300 [DEBUG] [org.gradle.launcher.daemon.server.DaemonStateCoordinator] daemon is running. Sleeping until state changes.
2022-06-12T10:01:34.188+0300 [INFO] [org.gradle.launcher.daemon.server.exec.StartBuildOrRespondWithBusy] Daemon is about to start building Build{id=4b806e71-8289-430c-aeac-d7fd58835c0f, currentDir=C:\Users\bancusoft\AndroidStudioProjects\Level_stat}. Dispatching build started information...
2022-06-12T10:01:34.188+0300 [DEBUG] [org.gradle.launcher.daemon.server.SynchronizedDispatchConnection] thread 480: dispatching org.gradle.launcher.daemon.protocol.BuildStarted@11cc4bff
2022-06-12T10:01:34.189+0300 [DEBUG] [org.gradle.launcher.daemon.server.exec.EstablishBuildEnvironment] Configuring env variables: [USERDOMAIN_ROAMINGPROFILE, LOCALAPPDATA, PROCESSOR_LEVEL, USERDOMAIN, LOGONSERVER, FPS_BROWSER_APP_PROFILE_STRING, VS160PROCOMNTOOLS, JAVA_HOME, SESSIONNAME, ALLUSERSPROFILE, PROCESSOR_ARCHITECTURE, __COMPAT_LAYER, PSModulePath, SystemDrive, OneDrive, APPDATA, USERNAME, ProgramFiles(x86), CommonProgramFiles, Path, FPS_BROWSER_USER_PROFILE_STRING, PATHEXT, DriverData, OS, COMPUTERNAME, PROCESSOR_REVISION, CommonProgramW6432, ComSpec, ProgramData, ProgramW6432, TEMP, HOMEPATH, SystemRoot, PROCESSOR_IDENTIFIER, HOMEDRIVE, USERPROFILE, TMP, MYSQLCONNECTOR_ASSEMBLIESPATH, CommonProgramFiles(x86), ProgramFiles, PUBLIC, windir, NUMBER_OF_PROCESSORS, =::, IDEA_INITIAL_DIRECTORY, ZES_ENABLE_SYSMAN]
2022-06-12T10:01:34.189+0300 [DEBUG] [org.gradle.launcher.daemon.server.SynchronizedDispatchConnection] thread 478: received class org.gradle.launcher.daemon.protocol.CloseInput
2022-06-12T10:01:34.189+0300 [DEBUG] [org.gradle.launcher.daemon.server.DefaultDaemonConnection] thread 478: Received IO message from client: org.gradle.launcher.daemon.protocol.CloseInput@6e45a8eb
2022-06-12T10:01:34.190+0300 [DEBUG] [org.gradle.launcher.daemon.server.exec.LogToClient] About to start relaying all logs to the client via the connection.
2022-06-12T10:01:34.190+0300 [INFO] [org.gradle.launcher.daemon.server.exec.LogToClient] The client will now receive all logging from the daemon (pid: 1472). The daemon log file: C:\Users\bancusoft\AndroidStudioProjects\Level_stat\daemon\7.3.3\daemon-1472.out.log
2022-06-12T10:01:34.191+0300 [INFO] [org.gradle.launcher.daemon.server.exec.LogAndCheckHealth] Starting 5th build in daemon [uptime: 8 mins 36.099 secs, performance: 98%]
2022-06-12T10:01:34.192+0300 [DEBUG] [org.gradle.launcher.daemon.server.exec.ExecuteBuild] The daemon has started executing the build.
2022-06-12T10:01:34.193+0300 [INFO] [org.gradle.launcher.daemon.server.exec.ForwardClientInput] Closing daemon's stdin at end of input.
2022-06-12T10:01:34.193+0300 [DEBUG] [org.gradle.launcher.daemon.server.exec.ExecuteBuild] Executing build with daemon context: DefaultDaemonContext[uid=34b09205-e9d5-4578-8d9c-395cc2d1b055,javaHome=C:\Program Files\Android\Android Studio\jre,daemonRegistryDir=C:\Users\bancusoft\AndroidStudioProjects\Level_stat\daemon,pid=1472,idleTimeout=10800000,priority=NORMAL,daemonOpts=--add-opens,java.base/java.util=ALL-UNNAMED,--add-opens,java.base/java.lang=ALL-UNNAMED,--add-opens,java.base/java.lang.invoke=ALL-UNNAMED,--add-opens,java.base/java.util=ALL-UNNAMED,--add-opens,java.prefs/java.util.prefs=ALL-UNNAMED,--add-opens,java.prefs/java.util.prefs=ALL-UNNAMED,--add-opens,java.base/java.nio.charset=ALL-UNNAMED,--add-opens,java.base/java.net=ALL-UNNAMED,--add-opens,java.base/java.util.concurrent.atomic=ALL-UNNAMED,-Xmx1536m,-Dfile.encoding=windows-1252,-Duser.country=US,-Duser.language=en,-Duser.variant]
2022-06-12T10:01:34.193+0300 [INFO] [org.gradle.launcher.daemon.server.exec.ForwardClientInput] The daemon will no longer process any standard input.

BUILD SUCCESSFUL in 4s
33 actionable tasks: 33 up-to-date
2022-06-12T10:01:38.768+0300 [DEBUG] [org.gradle.launcher.daemon.server.exec.ExecuteBuild] The daemon has finished executing the build.
2022-06-12T10:01:38.785+0300 [DEBUG] [org.gradle.launcher.daemon.server.DaemonStateCoordinator] daemon is running. Sleeping until state changes.
2022-06-12T10:01:38.785+0300 [DEBUG] [org.gradle.launcher.daemon.server.DaemonStateCoordinator] Command execution: finished waiting for DaemonCommandExecution[command = Build{id=4b806e71-8289-430c-aeac-d7fd58835c0f, currentDir=C:\Users\bancusoft\AndroidStudioProjects\Level_stat}, connection = DefaultDaemonConnection: socket connection from /127.0.0.1:61854 to /127.0.0.1:62694]. Result org.gradle.launcher.daemon.server.DaemonStateCoordinator@503c068 with state Busy
2022-06-12T10:01:38.786+0300 [DEBUG] [org.gradle.launcher.daemon.server.DaemonStateCoordinator] Command execution: completed DaemonCommandExecution[command = Build{id=4b806e71-8289-430c-aeac-d7fd58835c0f, currentDir=C:\Users\bancusoft\AndroidStudioProjects\Level_stat}, connection = DefaultDaemonConnection: socket connection from /127.0.0.1:61854 to /127.0.0.1:62694]
2022-06-12T10:01:38.786+0300 [DEBUG] [org.gradle.launcher.daemon.server.DaemonStateCoordinator] resetting idle timer
2022-06-12T10:01:38.786+0300 [INFO] [org.gradle.launcher.daemon.server.DaemonRegistryUpdater] Marking the daemon as idle, address: [18442d5a-a7c3-44e6-8930-c7c54797b98c port:61854, addresses:[localhost/127.0.0.1]]
2022-06-12T10:01:38.786+0300 [DEBUG] [org.gradle.launcher.daemon.registry.PersistentDaemonRegistry] Marking busy by address: [18442d5a-a7c3-44e6-8930-c7c54797b98c port:61854, addresses:[localhost/127.0.0.1]]
2022-06-12T10:01:38.786+0300 [DEBUG] [org.gradle.cache.internal.DefaultFileLockManager] Waiting to acquire exclusive lock on daemon addresses registry.
2022-06-12T10:01:38.787+0300 [DEBUG] [org.gradle.cache.internal.DefaultFileLockManager] Lock acquired on daemon addresses registry.
2022-06-12T10:01:38.788+0300 [DEBUG] [org.gradle.cache.internal.DefaultFileLockManager] Releasing lock on daemon addresses registry.
2022-06-12T10:01:38.788+0300 [DEBUG] [org.gradle.launcher.daemon.server.DaemonStateCoordinator] daemon is running. Sleeping until state changes.
2022-06-12T10:01:38.788+0300 [DEBUG] [org.gradle.launcher.daemon.server.exec.ReturnResult] Daemon is dispatching the build result: Success[value=org.gradle.launcher.exec.BuildActionResult@5d887512]
2022-06-12T10:01:38.788+0300 [DEBUG] [org.gradle.launcher.daemon.server.SynchronizedDispatchConnection] thread 477: dispatching Success[value=org.gradle.launcher.exec.BuildActionResult@5d887512]
2022-06-12T10:01:38.788+0300 [DEBUG] [org.gradle.launcher.daemon.server.DefaultIncomingConnectionHandler] Finishing executing command: Build{id=4b806e71-8289-430c-aeac-d7fd58835c0f, currentDir=C:\Users\bancusoft\AndroidStudioProjects\Level_stat}
2022-06-12T10:01:38.789+0300 [DEBUG] [org.gradle.launcher.daemon.server.SynchronizedDispatchConnection] thread 478: received class org.gradle.launcher.daemon.protocol.Finished
2022-06-12T10:01:38.789+0300 [DEBUG] [org.gradle.launcher.daemon.server.DefaultDaemonConnection] thread 478: Received non-IO message from client: org.gradle.launcher.daemon.protocol.Finished@60825b53
2022-06-12T10:01:38.789+0300 [DEBUG] [org.gradle.launcher.daemon.server.DefaultIncomingConnectionHandler] Received finished message: org.gradle.launcher.daemon.protocol.Finished@60825b53
2022-06-12T10:01:38.789+0300 [DEBUG] [org.gradle.launcher.daemon.server.SynchronizedDispatchConnection] thread 477: stopping connection
2022-06-12T10:01:38.789+0300 [DEBUG] [org.gradle.internal.remote.internal.inet.SocketConnection] Discarding EOFException: java.io.EOFException
2022-06-12T10:01:38.789+0300 [DEBUG] [org.gradle.launcher.daemon.server.SynchronizedDispatchConnection] thread 478: received null
2022-06-12T10:01:38.789+0300 [DEBUG] [org.gradle.launcher.daemon.server.DefaultDaemonConnection] thread 478: Received end-of-input from client.
2022-06-12T10:01:38.791+0300 [DEBUG] [org.gradle.launcher.daemon.server.SynchronizedDispatchConnection] thread 477: stopping connection
2022-06-12T10:01:48.557+0300 [DEBUG] [org.gradle.cache.internal.DefaultFileLockManager] Waiting to acquire shared lock on daemon addresses registry.
2022-06-12T10:01:48.557+0300 [DEBUG] [org.gradle.cache.internal.DefaultFileLockManager] Lock acquired on daemon addresses registry.
2022-06-12T10:01:48.557+0300 [DEBUG] [org.gradle.cache.internal.DefaultFileLockManager] Releasing lock on daemon addresses registry.
2022-06-12T10:01:48.558+0300 [DEBUG] [org.gradle.cache.internal.DefaultFileLockManager] Waiting to acquire shared lock on daemon addresses registry.
2022-06-12T10:01:48.558+0300 [DEBUG] [org.gradle.cache.internal.DefaultFileLockManager] Lock acquired on daemon addresses registry.
2022-06-12T10:01:48.558+0300 [DEBUG] [org.gradle.cache.internal.DefaultFileLockManager] Releasing lock on daemon addresses registry.
2022-06-12T10:01:58.559+0300 [DEBUG] [org.gradle.cache.internal.DefaultFileLockManager] Waiting to acquire shared lock on daemon addresses registry.
2022-06-12T10:01:58.559+0300 [DEBUG] [org.gradle.cache.internal.DefaultFileLockManager] Lock acquired on daemon addresses registry.
2022-06-12T10:01:58.560+0300 [DEBUG] [org.gradle.cache.internal.DefaultFileLockManager] Releasing lock on daemon addresses registry.
2022-06-12T10:01:58.561+0300 [DEBUG] [org.gradle.cache.internal.DefaultFileLockManager] Waiting to acquire shared lock on daemon addresses registry.
2022-06-12T10:01:58.562+0300 [DEBUG] [org.gradle.cache.internal.DefaultFileLockManager] Lock acquired on daemon addresses registry.
2022-06-12T10:01:58.562+0300 [DEBUG] [org.gradle.cache.internal.DefaultFileLockManager] Releasing lock on daemon addresses registry.
2022-06-12T10:01:58.563+0300 [DEBUG] [org.gradle.cache.internal.DefaultFileLockManager] Waiting to acquire shared lock on daemon addresses registry.
2022-06-12T10:01:58.564+0300 [DEBUG] [org.gradle.cache.internal.DefaultFileLockManager] Lock acquired on daemon addresses registry.
2022-06-12T10:01:58.564+0300 [DEBUG] [org.gradle.cache.internal.DefaultFileLockManager] Releasing lock on daemon addresses registry.
2022-06-12T10:02:08.562+0300 [DEBUG] [org.gradle.cache.internal.DefaultFileLockManager] Waiting to acquire shared lock on daemon addresses registry.
2022-06-12T10:02:08.562+0300 [DEBUG] [org.gradle.cache.internal.DefaultFileLockManager] Lock acquired on daemon addresses registry.
2022-06-12T10:02:08.562+0300 [DEBUG] [org.gradle.cache.internal.DefaultFileLockManager] Releasing lock on daemon addresses registry.
2022-06-12T10:02:08.562+0300 [DEBUG] [org.gradle.cache.internal.DefaultFileLockManager] Waiting to acquire shared lock on daemon addresses registry.
2022-06-12T10:02:08.563+0300 [DEBUG] [org.gradle.cache.internal.DefaultFileLockManager] Lock acquired on daemon addresses registry.
2022-06-12T10:02:08.563+0300 [DEBUG] [org.gradle.cache.internal.DefaultFileLockManager] Releasing lock on daemon addresses registry.
2022-06-12T10:02:08.563+0300 [DEBUG] [org.gradle.cache.internal.DefaultFileLockManager] Waiting to acquire shared lock on daemon addresses registry.
2022-06-12T10:02:08.563+0300 [DEBUG] [org.gradle.cache.internal.DefaultFileLockManager] Lock acquired on daemon addresses registry.
2022-06-12T10:02:08.563+0300 [DEBUG] [org.gradle.cache.internal.DefaultFileLockManager] Releasing lock on daemon addresses registry.
2022-06-12T10:02:18.563+0300 [DEBUG] [org.gradle.cache.internal.DefaultFileLockManager] Waiting to acquire shared lock on daemon addresses registry.
2022-06-12T10:02:18.563+0300 [DEBUG] [org.gradle.cache.internal.DefaultFileLockManager] Lock acquired on daemon addresses registry.
2022-06-12T10:02:18.563+0300 [DEBUG] [org.gradle.cache.internal.DefaultFileLockManager] Releasing lock on daemon addresses registry.
2022-06-12T10:02:18.563+0300 [DEBUG] [org.gradle.cache.internal.DefaultFileLockManager] Waiting to acquire shared lock on daemon addresses registry.
2022-06-12T10:02:18.563+0300 [DEBUG] [org.gradle.cache.internal.DefaultFileLockManager] Lock acquired on daemon addresses registry.
2022-06-12T10:02:18.564+0300 [DEBUG] [org.gradle.cache.internal.DefaultFileLockManager] Releasing lock on daemon addresses registry.
2022-06-12T10:02:18.564+0300 [DEBUG] [org.gradle.cache.internal.DefaultFileLockManager] Waiting to acquire shared lock on daemon addresses registry.
2022-06-12T10:02:18.564+0300 [DEBUG] [org.gradle.cache.internal.DefaultFileLockManager] Lock acquired on daemon addresses registry.
2022-06-12T10:02:18.564+0300 [DEBUG] [org.gradle.cache.internal.DefaultFileLockManager] Releasing lock on daemon addresses registry.
